-- phpMyAdmin SQL Dump
-- version 5.2.2
-- https://www.phpmyadmin.net/
--
-- Host: localhost:3306
-- Generation Time: Aug 06, 2025 at 07:16 PM
-- Server version: 10.11.13-MariaDB-cll-lve
-- PHP Version: 8.3.23

SET SQL_MODE = "NO_AUTO_VALUE_ON_ZERO";
START TRANSACTION;
SET time_zone = "+00:00";


/*!40101 SET @OLD_CHARACTER_SET_CLIENT=@@CHARACTER_SET_CLIENT */;
/*!40101 SET @OLD_CHARACTER_SET_RESULTS=@@CHARACTER_SET_RESULTS */;
/*!40101 SET @OLD_COLLATION_CONNECTION=@@COLLATION_CONNECTION */;
/*!40101 SET NAMES utf8mb4 */;

--
-- Database: `perfec14_OOS`
--

-- --------------------------------------------------------

--
-- Table structure for table `brands`
--

CREATE TABLE `brands` (
  `id` int(11) NOT NULL,
  `name` varchar(100) NOT NULL
) ENGINE=InnoDB DEFAULT CHARSET=utf8mb4 COLLATE=utf8mb4_general_ci;

--
-- Dumping data for table `brands`
--

INSERT INTO `brands` (`id`, `name`) VALUES
(1, 'AXE'),
(5, 'BABA'),
(6, 'CIF'),
(2, 'COCCOLINO'),
(4, 'DOMESTOS'),
(3, 'DOVE'),
(7, 'DOVE MEN+CARE'),
(8, 'FLORASZEPT'),
(9, 'REXONA'),
(16, 'REXONA MEN'),
(10, 'SIGNAL'),
(14, 'SURF'),
(13, 'SZAVO'),
(11, 'TRESEMME'),
(12, 'VASELINE');

-- --------------------------------------------------------

--
-- Table structure for table `categories`
--

CREATE TABLE `categories` (
  `id` int(11) NOT NULL,
  `name` varchar(100) NOT NULL
) ENGINE=InnoDB DEFAULT CHARSET=utf8mb4 COLLATE=utf8mb4_general_ci;

--
-- Dumping data for table `categories`
--

INSERT INTO `categories` (`id`, `name`) VALUES
(1, 'DEODORANT & FRAGRANCE'),
(4, 'FABRIC CLEANING'),
(11, 'FABRIC ENHANCER'),
(13, 'HAIR CARE'),
(12, 'HOME & HYGIENE'),
(42, 'ORAL CARE'),
(3, 'SKIN CARE'),
(2, 'SKIN CLEANSING');

-- --------------------------------------------------------

--
-- Table structure for table `oos_history`
--

CREATE TABLE `oos_history` (
  `id` int(11) NOT NULL,
  `ean` bigint(20) NOT NULL,
  `shop_id` int(11) NOT NULL,
  `date_checked` date NOT NULL DEFAULT current_timestamp(),
  `is_available` tinyint(1) NOT NULL
) ENGINE=InnoDB DEFAULT CHARSET=utf8mb4 COLLATE=utf8mb4_general_ci;

--
-- Dumping data for table `oos_history`
--

INSERT INTO `oos_history` (`id`, `ean`, `shop_id`, `date_checked`, `is_available`) VALUES
(459, 42182627, 3, '2025-07-28', 1),
(460, 8000660310282, 3, '2025-07-28', 1),
(461, 42182634, 3, '2025-07-28', 1),
(462, 8000660310466, 3, '2025-07-28', 1),
(463, 59002161, 3, '2025-07-28', 1),
(464, 8710908176852, 3, '2025-07-28', 1),
(465, 59002192, 3, '2025-07-28', 1),
(466, 8720181019425, 3, '2025-07-28', 1),
(467, 59002222, 3, '2025-07-28', 1),
(468, 8720181019432, 3, '2025-07-28', 1),
(469, 59004660, 3, '2025-07-28', 1),
(470, 8720181019449, 3, '2025-07-28', 1),
(471, 59004783, 3, '2025-07-28', 1),
(472, 8720181168550, 3, '2025-07-28', 1),
(473, 59086789, 3, '2025-07-28', 1),
(474, 8720181409684, 3, '2025-07-28', 1),
(475, 59086802, 3, '2025-07-28', 1),
(476, 8720181409707, 3, '2025-07-28', 1),
(477, 59092674, 3, '2025-07-28', 1),
(478, 8720181409714, 3, '2025-07-28', 1),
(479, 59095859, 3, '2025-07-28', 1),
(480, 8720181410642, 3, '2025-07-28', 1),
(481, 59099505, 3, '2025-07-28', 1),
(482, 59099611, 3, '2025-07-28', 0),
(483, 8720181410659, 3, '2025-07-28', 1),
(484, 59099710, 3, '2025-07-28', 1),
(485, 8720181410666, 3, '2025-07-28', 1),
(486, 59099734, 3, '2025-07-28', 1),
(487, 8720181410673, 3, '2025-07-28', 1),
(488, 8720181410680, 3, '2025-07-28', 1),
(489, 73103714, 3, '2025-07-28', 1),
(490, 96086230, 3, '2025-07-28', 1),
(491, 8720181414909, 3, '2025-07-28', 1),
(492, 8720181414916, 3, '2025-07-28', 1),
(493, 4000388176904, 3, '2025-07-28', 1),
(494, 8720181414923, 3, '2025-07-28', 1),
(495, 4000388177000, 3, '2025-07-28', 1),
(496, 8720181414930, 3, '2025-07-28', 1),
(497, 5012254068151, 3, '2025-07-28', 1),
(498, 8720181512865, 3, '2025-07-28', 1),
(499, 5900300056002, 3, '2025-07-28', 1),
(500, 5900300856794, 3, '2025-07-28', 1),
(501, 8720181512872, 3, '2025-07-28', 1),
(502, 8720181512889, 3, '2025-07-28', 1),
(503, 5996037081394, 3, '2025-07-28', 1),
(504, 8720181513114, 3, '2025-07-28', 1),
(505, 5996358011865, 3, '2025-07-28', 1),
(506, 8720181548840, 3, '2025-07-28', 1),
(507, 8710447276600, 3, '2025-07-28', 1),
(508, 8710447284094, 3, '2025-07-28', 1),
(509, 8720181548857, 3, '2025-07-28', 1),
(510, 8710447284117, 3, '2025-07-28', 1),
(511, 8720181548864, 3, '2025-07-28', 1),
(512, 8720181548871, 3, '2025-07-28', 1),
(513, 8710447328095, 3, '2025-07-28', 1),
(514, 8720181619861, 3, '2025-07-28', 1),
(515, 8710447422991, 3, '2025-07-28', 1),
(516, 8710447423004, 3, '2025-07-28', 1),
(517, 8720181619892, 3, '2025-07-28', 1),
(518, 8710447462720, 3, '2025-07-28', 1),
(519, 8720181619908, 3, '2025-07-28', 1),
(520, 8710447462737, 3, '2025-07-28', 1),
(521, 8720181674174, 3, '2025-07-28', 1),
(522, 8710447462768, 3, '2025-07-28', 1),
(523, 8720181676406, 3, '2025-07-28', 1),
(524, 8710447462775, 3, '2025-07-28', 1),
(525, 8720181676413, 3, '2025-07-28', 1),
(526, 8710447482179, 3, '2025-07-28', 1),
(527, 8720181676420, 3, '2025-07-28', 1),
(528, 8710447485323, 3, '2025-07-28', 1),
(529, 8720181680403, 3, '2025-07-28', 1),
(530, 8710447497357, 3, '2025-07-28', 1),
(531, 8720181680410, 3, '2025-07-28', 1),
(532, 8710522323007, 3, '2025-07-28', 1),
(533, 8720181680427, 3, '2025-07-28', 1),
(534, 8710522323120, 3, '2025-07-28', 1),
(535, 8710522323144, 3, '2025-07-28', 1),
(536, 8720182931412, 3, '2025-07-28', 1),
(537, 5996037079544, 3, '2025-07-28', 1),
(538, 8710522417379, 3, '2025-07-28', 1),
(539, 8710847940781, 3, '2025-07-28', 1),
(540, 5996037079780, 3, '2025-07-28', 1),
(541, 8710847962769, 3, '2025-07-28', 1),
(542, 5996037079797, 3, '2025-07-28', 1),
(543, 8710847962783, 3, '2025-07-28', 1),
(544, 5996358010714, 3, '2025-07-28', 1),
(545, 8710847974427, 3, '2025-07-28', 1),
(546, 8710908675089, 3, '2025-07-28', 1),
(547, 8710847974441, 3, '2025-07-28', 1),
(548, 8712561293082, 3, '2025-07-28', 1),
(549, 8710908828577, 3, '2025-07-28', 1),
(550, 8712561293518, 3, '2025-07-28', 1),
(551, 8711600350212, 3, '2025-07-28', 1),
(552, 8711600359659, 3, '2025-07-28', 1),
(553, 8717163286975, 3, '2025-07-28', 1),
(554, 8711600368804, 3, '2025-07-28', 1),
(555, 8717163760192, 3, '2025-07-28', 1),
(556, 8711600390140, 3, '2025-07-28', 1),
(557, 8717163983119, 3, '2025-07-28', 1),
(558, 8717644169490, 3, '2025-07-28', 1),
(559, 8711600504141, 3, '2025-07-28', 1),
(560, 8718114433950, 3, '2025-07-28', 1),
(561, 8711600748934, 3, '2025-07-28', 1),
(562, 8718114635729, 3, '2025-07-28', 1),
(563, 8711600748965, 3, '2025-07-28', 1),
(564, 8711700677219, 3, '2025-07-28', 1),
(565, 8720181345913, 3, '2025-07-28', 1),
(566, 8712561021807, 3, '2025-07-28', 1),
(567, 8720181345920, 3, '2025-07-28', 1),
(568, 8720181345944, 3, '2025-07-28', 1),
(569, 8712561319409, 3, '2025-07-28', 1),
(570, 8720181345951, 3, '2025-07-28', 1),
(571, 8712561398893, 3, '2025-07-28', 1),
(572, 8712561399074, 3, '2025-07-28', 1),
(573, 8720181348853, 3, '2025-07-28', 1),
(574, 8720181349836, 3, '2025-07-28', 1),
(575, 8712561399234, 3, '2025-07-28', 1),
(576, 8720181349843, 3, '2025-07-28', 1),
(577, 8712561534444, 3, '2025-07-28', 1),
(578, 8712561672511, 3, '2025-07-28', 1),
(579, 8720181621475, 3, '2025-07-28', 1),
(580, 8712561704502, 3, '2025-07-28', 1),
(581, 8720181721335, 3, '2025-07-28', 1),
(582, 8720181730092, 3, '2025-07-28', 1),
(583, 8712561772983, 3, '2025-07-28', 1),
(584, 8720182796400, 3, '2025-07-28', 1),
(585, 8717163340561, 3, '2025-07-28', 1),
(586, 8720182796417, 3, '2025-07-28', 1),
(587, 8717163573792, 3, '2025-07-28', 1),
(588, 8720182796424, 3, '2025-07-28', 1),
(589, 8717163605776, 3, '2025-07-28', 1),
(590, 8720182898692, 3, '2025-07-28', 1),
(591, 8717163947739, 3, '2025-07-28', 1),
(592, 8720182903143, 3, '2025-07-28', 1),
(593, 8717644119938, 3, '2025-07-28', 1),
(594, 8720182903150, 3, '2025-07-28', 1),
(595, 8717644120224, 3, '2025-07-28', 1),
(596, 8720182903167, 3, '2025-07-28', 1),
(597, 8717644192917, 3, '2025-07-28', 1),
(598, 8720182903235, 3, '2025-07-28', 1),
(599, 8720182903266, 3, '2025-07-28', 1),
(600, 8717644192948, 3, '2025-07-28', 1),
(601, 8717644326671, 3, '2025-07-28', 1),
(602, 8720182903846, 3, '2025-07-28', 1),
(603, 8720182903884, 3, '2025-07-28', 1),
(604, 8717644461068, 3, '2025-07-28', 1),
(605, 8720182911513, 3, '2025-07-28', 1),
(606, 8717644485910, 3, '2025-07-28', 1),
(607, 8720182911568, 3, '2025-07-28', 1),
(608, 8717644585337, 3, '2025-07-28', 1),
(609, 8720182917539, 3, '2025-07-28', 1),
(610, 8717644966594, 3, '2025-07-28', 1),
(611, 8720182924384, 3, '2025-07-28', 1),
(612, 8718114198903, 3, '2025-07-28', 1),
(613, 8720182924407, 3, '2025-07-28', 1),
(614, 8718114650708, 3, '2025-07-28', 1),
(615, 8720182924414, 3, '2025-07-28', 1),
(616, 8720181012891, 3, '2025-07-28', 1),
(617, 8720182924421, 3, '2025-07-28', 1),
(618, 8720181027680, 3, '2025-07-28', 1),
(619, 8720182926081, 3, '2025-07-28', 1),
(620, 8720181032905, 3, '2025-07-28', 1),
(621, 8721201980190, 3, '2025-07-28', 1),
(622, 8720181032912, 3, '2025-07-28', 1),
(623, 8720181047749, 3, '2025-07-28', 1),
(624, 8712561142342, 3, '2025-07-28', 1),
(625, 8712561212144, 3, '2025-07-28', 1),
(626, 8720181061707, 3, '2025-07-28', 1),
(627, 8720181109201, 3, '2025-07-28', 1),
(628, 8712561552776, 3, '2025-07-28', 1),
(629, 8720181109218, 3, '2025-07-28', 1),
(630, 8712561552905, 3, '2025-07-28', 1),
(631, 8720181121777, 3, '2025-07-28', 0),
(632, 8712561552936, 3, '2025-07-28', 1),
(633, 8720181166372, 3, '2025-07-28', 1),
(634, 8712561561686, 3, '2025-07-28', 1),
(635, 8720181166389, 3, '2025-07-28', 1),
(636, 8717163522103, 3, '2025-07-28', 1),
(637, 8720181192128, 3, '2025-07-28', 1),
(638, 8717644075111, 3, '2025-07-28', 1),
(639, 8720181196157, 3, '2025-07-28', 1),
(640, 8717644075265, 3, '2025-07-28', 1),
(641, 8720181204111, 3, '2025-07-28', 1),
(642, 8720181338458, 3, '2025-07-28', 1),
(643, 8720181209550, 3, '2025-07-28', 1),
(644, 8720181338489, 3, '2025-07-28', 1),
(645, 8720181209567, 3, '2025-07-28', 1),
(646, 8720181338496, 3, '2025-07-28', 1),
(647, 8720181227004, 3, '2025-07-28', 1),
(648, 8720182848390, 3, '2025-07-28', 1),
(649, 8720181238079, 3, '2025-07-28', 1),
(650, 8711600283039, 3, '2025-07-28', 1),
(651, 8720181260506, 3, '2025-07-28', 1),
(652, 8711600283060, 3, '2025-07-28', 1),
(653, 8720181260544, 3, '2025-07-28', 1),
(654, 8717163287477, 3, '2025-07-28', 1),
(655, 8720181275401, 3, '2025-07-28', 1),
(656, 8717163287507, 3, '2025-07-28', 1),
(657, 8717163891438, 3, '2025-07-28', 1),
(658, 8720181284335, 3, '2025-07-28', 1),
(659, 8720181387753, 3, '2025-07-28', 1),
(660, 8720181284373, 3, '2025-07-28', 0),
(661, 8720181403347, 3, '2025-07-28', 1),
(662, 8720181284953, 3, '2025-07-28', 1),
(663, 8720181291449, 3, '2025-07-28', 1),
(664, 8720181408793, 3, '2025-07-28', -1),
(665, 8720181291562, 3, '2025-07-28', 1),
(666, 8720181409059, 3, '2025-07-28', 0),
(667, 8720181291623, 3, '2025-07-28', 1),
(668, 8594005390225, 3, '2025-07-28', 1),
(669, 8720181291715, 3, '2025-07-28', 1),
(670, 8594005396746, 3, '2025-07-28', 1),
(671, 8720181291746, 3, '2025-07-28', 1),
(672, 8720181291890, 3, '2025-07-28', 1),
(673, 8720181291999, 3, '2025-07-28', 1),
(674, 8720181292026, 3, '2025-07-28', 1),
(675, 8720181302220, 3, '2025-07-28', 1),
(676, 8720181313417, 3, '2025-07-28', 1),
(677, 8720181313431, 3, '2025-07-28', 1),
(678, 8720181313448, 3, '2025-07-28', 1),
(679, 8720181327155, 3, '2025-07-28', 1),
(680, 8720181327186, 3, '2025-07-28', 1),
(681, 8720181334757, 3, '2025-07-28', 1),
(682, 8720181338182, 3, '2025-07-28', 1),
(683, 8720181339936, 3, '2025-07-28', 1),
(684, 8720181350900, 3, '2025-07-28', 1),
(685, 8720181375231, 3, '2025-07-28', 0),
(686, 8720181392467, 3, '2025-07-28', 1),
(687, 8720181392474, 3, '2025-07-28', 1),
(688, 8720181415463, 3, '2025-07-28', 1),
(689, 8720181437243, 3, '2025-07-28', 1),
(690, 8720181446818, 3, '2025-07-28', 1),
(691, 8720181446849, 3, '2025-07-28', 1),
(692, 8720181446863, 3, '2025-07-28', 1),
(693, 8720181449246, 3, '2025-07-28', 1),
(694, 8720181449260, 3, '2025-07-28', 1),
(695, 8720181449857, 3, '2025-07-28', 1),
(696, 8720181449871, 3, '2025-07-28', 1),
(697, 8720181450396, 3, '2025-07-28', 1),
(698, 8720181450402, 3, '2025-07-28', 1),
(699, 8720181450419, 3, '2025-07-28', 1),
(700, 8720181457425, 3, '2025-07-28', 1),
(701, 8720181457449, 3, '2025-07-28', 1),
(702, 8720181464171, 3, '2025-07-28', 1),
(703, 8720181464188, 3, '2025-07-28', 1),
(704, 8720181464201, 3, '2025-07-28', 1),
(705, 8720181466489, 3, '2025-07-28', 1),
(706, 8720181466502, 3, '2025-07-28', 1),
(707, 8720181468438, 3, '2025-07-28', 1),
(708, 8720181468469, 3, '2025-07-28', 1),
(709, 8720181468513, 3, '2025-07-28', 1),
(710, 8720181471742, 3, '2025-07-28', 1),
(711, 8720181481079, 3, '2025-07-28', 1),
(712, 8720181481529, 3, '2025-07-28', 1),
(713, 8720181501821, 3, '2025-07-28', 0),
(714, 8720181501845, 3, '2025-07-28', 1),
(715, 8720181507281, 3, '2025-07-28', 1),
(716, 8720181518942, 3, '2025-07-28', 1),
(717, 8720181538988, 3, '2025-07-28', 1),
(718, 8720181538995, 3, '2025-07-28', 0),
(719, 8720181539183, 3, '2025-07-28', 1),
(720, 8720181539404, 3, '2025-07-28', 1),
(721, 8720181555602, 3, '2025-07-28', 1),
(722, 8720181555640, 3, '2025-07-28', 1),
(723, 8720181565830, 3, '2025-07-28', 1),
(724, 8720181570070, 3, '2025-07-28', 0),
(725, 8720181573576, 3, '2025-07-28', 1),
(726, 8720181598616, 3, '2025-07-28', 1),
(727, 8720181608315, 3, '2025-07-28', 1),
(728, 8720181608391, 3, '2025-07-28', 1),
(729, 8720181637957, 3, '2025-07-28', 1),
(730, 8720181637964, 3, '2025-07-28', 1),
(731, 8720181637971, 3, '2025-07-28', 1),
(732, 8720182258137, 3, '2025-07-28', 1),
(733, 8720182259332, 3, '2025-07-28', 1),
(734, 8720182259813, 3, '2025-07-28', 1),
(737, 8000660310282, 3, '2025-07-30', 1),
(738, 42182627, 3, '2025-07-30', 1),
(739, 42182634, 3, '2025-07-30', 1),
(740, 8000660310466, 3, '2025-07-30', 1),
(741, 59002161, 3, '2025-07-30', 1),
(742, 8710908176852, 3, '2025-07-30', 1),
(743, 8720181019425, 3, '2025-07-30', 1),
(744, 59002192, 3, '2025-07-30', 1),
(745, 8720181019432, 3, '2025-07-30', 1),
(746, 59002222, 3, '2025-07-30', 1),
(747, 8720181019449, 3, '2025-07-30', 1),
(748, 59004660, 3, '2025-07-30', 1),
(749, 8720181168550, 3, '2025-07-30', 1),
(750, 59004783, 3, '2025-07-30', 1),
(751, 8720181409684, 3, '2025-07-30', 1),
(752, 59086789, 3, '2025-07-30', 1),
(753, 8720181409707, 3, '2025-07-30', 1),
(754, 59086802, 3, '2025-07-30', 1),
(755, 8720181409714, 3, '2025-07-30', 1),
(756, 59092674, 3, '2025-07-30', 1),
(757, 8720181410642, 3, '2025-07-30', 1),
(758, 59095859, 3, '2025-07-30', 1),
(759, 8720181410659, 3, '2025-07-30', 1),
(760, 59099505, 3, '2025-07-30', 1),
(761, 8720181410666, 3, '2025-07-30', 1),
(762, 8720181410673, 3, '2025-07-30', 1),
(763, 59099611, 3, '2025-07-30', 1),
(764, 8720181410680, 3, '2025-07-30', 1),
(765, 59099710, 3, '2025-07-30', 1),
(766, 8720181414909, 3, '2025-07-30', 1),
(767, 59099734, 3, '2025-07-30', 1),
(768, 8720181414916, 3, '2025-07-30', 1),
(769, 73103714, 3, '2025-07-30', 1),
(770, 8720181414923, 3, '2025-07-30', 1),
(771, 96086230, 3, '2025-07-30', 1),
(772, 8720181414930, 3, '2025-07-30', 1),
(773, 4000388176904, 3, '2025-07-30', 1),
(774, 8720181512865, 3, '2025-07-30', 1),
(775, 4000388177000, 3, '2025-07-30', 1),
(776, 8720181512872, 3, '2025-07-30', 1),
(777, 5012254068151, 3, '2025-07-30', 1),
(778, 8720181512889, 3, '2025-07-30', 1),
(779, 5900300056002, 3, '2025-07-30', 1),
(780, 8720181513114, 3, '2025-07-30', 1),
(781, 5900300856794, 3, '2025-07-30', 1),
(782, 8720181548840, 3, '2025-07-30', 1),
(783, 5996037081394, 3, '2025-07-30', 1),
(784, 5996358011865, 3, '2025-07-30', 1),
(785, 8720181548857, 3, '2025-07-30', 1),
(786, 8710447276600, 3, '2025-07-30', 1),
(787, 8720181548864, 3, '2025-07-30', 1),
(788, 8710447284094, 3, '2025-07-30', 1),
(789, 8720181548871, 3, '2025-07-30', 1),
(790, 8710447284117, 3, '2025-07-30', 1),
(791, 8720181619861, 3, '2025-07-30', 1),
(792, 8720181619892, 3, '2025-07-30', 1),
(793, 8710447328095, 3, '2025-07-30', 1),
(794, 8720181619908, 3, '2025-07-30', 1),
(795, 8710447422991, 3, '2025-07-30', 1),
(796, 8720181674174, 3, '2025-07-30', 1),
(797, 8710447423004, 3, '2025-07-30', 1),
(798, 8720181676406, 3, '2025-07-30', 1),
(799, 8710447462720, 3, '2025-07-30', 1),
(800, 8720181676413, 3, '2025-07-30', 1),
(801, 8710447462737, 3, '2025-07-30', 1),
(802, 8720181676420, 3, '2025-07-30', 1),
(803, 8710447462768, 3, '2025-07-30', 1),
(804, 8720181680403, 3, '2025-07-30', 1),
(805, 8710447462775, 3, '2025-07-30', 1),
(806, 8710447482179, 3, '2025-07-30', 1),
(807, 8720181680410, 3, '2025-07-30', 1),
(808, 8710447485323, 3, '2025-07-30', 1),
(809, 8720181680427, 3, '2025-07-30', 1),
(810, 8720182931412, 3, '2025-07-30', 1),
(811, 8710447497357, 3, '2025-07-30', 1),
(812, 5996037079544, 3, '2025-07-30', 1),
(813, 8710522323007, 3, '2025-07-30', 1),
(814, 5996037079780, 3, '2025-07-30', 1),
(815, 8710522323120, 3, '2025-07-30', 1),
(816, 5996037079797, 3, '2025-07-30', 1),
(817, 8710522323144, 3, '2025-07-30', 1),
(818, 5996358010714, 3, '2025-07-30', 1),
(819, 8710522417379, 3, '2025-07-30', 1),
(820, 8710908675089, 3, '2025-07-30', 1),
(821, 8710847940781, 3, '2025-07-30', 1),
(822, 8712561293082, 3, '2025-07-30', 1),
(823, 8712561293518, 3, '2025-07-30', 1),
(824, 8710847962769, 3, '2025-07-30', 1),
(825, 8717163286975, 3, '2025-07-30', 1),
(826, 8710847962783, 3, '2025-07-30', 1),
(827, 8717163760192, 3, '2025-07-30', 1),
(828, 8710847974427, 3, '2025-07-30', 1),
(829, 8710847974441, 3, '2025-07-30', 1),
(830, 8717163983119, 3, '2025-07-30', 1),
(831, 8710908828577, 3, '2025-07-30', 1),
(832, 8717644169490, 3, '2025-07-30', 1),
(833, 8711600350212, 3, '2025-07-30', 1),
(834, 8718114433950, 3, '2025-07-30', 1),
(835, 8711600359659, 3, '2025-07-30', 1),
(836, 8718114635729, 3, '2025-07-30', 1),
(837, 8711600368804, 3, '2025-07-30', 1),
(838, 8720181345913, 3, '2025-07-30', 1),
(839, 8711600390140, 3, '2025-07-30', 1),
(840, 8720181345920, 3, '2025-07-30', 1),
(841, 8711600504141, 3, '2025-07-30', 1),
(842, 8720181345944, 3, '2025-07-30', 1),
(843, 8711600748934, 3, '2025-07-30', 1),
(844, 8711600748965, 3, '2025-07-30', 1),
(845, 8720181345951, 3, '2025-07-30', 1),
(846, 8711700677219, 3, '2025-07-30', 1),
(847, 8720181348853, 3, '2025-07-30', 1),
(848, 8720181349836, 3, '2025-07-30', 1),
(849, 8712561021807, 3, '2025-07-30', 1),
(850, 8720181349843, 3, '2025-07-30', 1),
(851, 8712561319409, 3, '2025-07-30', 1),
(852, 8720181621475, 3, '2025-07-30', 1),
(853, 8712561398893, 3, '2025-07-30', 1),
(854, 8720181721335, 3, '2025-07-30', 1),
(855, 8712561399074, 3, '2025-07-30', 1),
(856, 8720181730092, 3, '2025-07-30', 1),
(857, 8712561399234, 3, '2025-07-30', 1),
(858, 8720182796400, 3, '2025-07-30', 1),
(859, 8712561534444, 3, '2025-07-30', 1),
(860, 8720182796417, 3, '2025-07-30', 1),
(861, 8712561672511, 3, '2025-07-30', 1),
(862, 8712561704502, 3, '2025-07-30', 1),
(863, 8720182796424, 3, '2025-07-30', 1),
(864, 8720182898692, 3, '2025-07-30', 1),
(865, 8712561772983, 3, '2025-07-30', 1),
(866, 8717163340561, 3, '2025-07-30', 1),
(867, 8720182903143, 3, '2025-07-30', 1),
(868, 8720182903150, 3, '2025-07-30', 1),
(869, 8717163573792, 3, '2025-07-30', 1),
(870, 8720182903167, 3, '2025-07-30', 1),
(871, 8717163605776, 3, '2025-07-30', 1),
(872, 8720182903235, 3, '2025-07-30', 1),
(873, 8717163947739, 3, '2025-07-30', 1),
(874, 8720182903266, 3, '2025-07-30', 1),
(875, 8717644119938, 3, '2025-07-30', 1),
(876, 8720182903846, 3, '2025-07-30', 1),
(877, 8717644120224, 3, '2025-07-30', 1),
(878, 8720182903884, 3, '2025-07-30', 1),
(879, 8717644192917, 3, '2025-07-30', 1),
(880, 8720182911513, 3, '2025-07-30', 1),
(881, 8717644192948, 3, '2025-07-30', 1),
(882, 8720182911568, 3, '2025-07-30', 1),
(883, 8717644326671, 3, '2025-07-30', 1),
(884, 8720182917539, 3, '2025-07-30', 1),
(885, 8717644461068, 3, '2025-07-30', 1),
(886, 8720182924384, 3, '2025-07-30', 1),
(887, 8717644485910, 3, '2025-07-30', 1),
(888, 8720182924407, 3, '2025-07-30', 1),
(889, 8717644585337, 3, '2025-07-30', 1),
(890, 8720182924414, 3, '2025-07-30', 1),
(891, 8720182924421, 3, '2025-07-30', 1),
(892, 8717644966594, 3, '2025-07-30', 1),
(893, 8720182926081, 3, '2025-07-30', 1),
(894, 8718114198903, 3, '2025-07-30', 1),
(895, 8718114650708, 3, '2025-07-30', 1),
(896, 8721201980190, 3, '2025-07-30', 1),
(897, 8720181012891, 3, '2025-07-30', 1),
(898, 8712561142342, 3, '2025-07-30', 1),
(899, 8720181027680, 3, '2025-07-30', 1),
(900, 8712561212144, 3, '2025-07-30', 1),
(901, 8720181032905, 3, '2025-07-30', 1),
(902, 8712561552776, 3, '2025-07-30', 1),
(903, 8720181032912, 3, '2025-07-30', 1),
(904, 8712561552905, 3, '2025-07-30', 1),
(905, 8720181047749, 3, '2025-07-30', 1),
(906, 8712561552936, 3, '2025-07-30', 1),
(907, 8720181061707, 3, '2025-07-30', 1),
(908, 8712561561686, 3, '2025-07-30', 1),
(909, 8720181109201, 3, '2025-07-30', 1),
(910, 8717163522103, 3, '2025-07-30', 1),
(911, 8720181109218, 3, '2025-07-30', 1),
(912, 8717644075111, 3, '2025-07-30', 1),
(913, 8717644075265, 3, '2025-07-30', 1),
(914, 8720181121777, 3, '2025-07-30', 0),
(915, 8720181338458, 3, '2025-07-30', 1),
(916, 8720181166372, 3, '2025-07-30', 1),
(917, 8720181166389, 3, '2025-07-30', 1),
(918, 8720181338489, 3, '2025-07-30', 1),
(919, 8720181192128, 3, '2025-07-30', 1),
(920, 8720181338496, 3, '2025-07-30', 1),
(921, 8720181196157, 3, '2025-07-30', 1),
(922, 8720182848390, 3, '2025-07-30', 1),
(923, 8720181204111, 3, '2025-07-30', 1),
(924, 8711600283039, 3, '2025-07-30', 1),
(925, 8720181209550, 3, '2025-07-30', 1),
(926, 8711600283060, 3, '2025-07-30', 1),
(927, 8720181209567, 3, '2025-07-30', 1),
(928, 8717163287477, 3, '2025-07-30', 1),
(929, 8720181227004, 3, '2025-07-30', 1),
(930, 8717163287507, 3, '2025-07-30', 1),
(931, 8720181238079, 3, '2025-07-30', 1),
(932, 8717163891438, 3, '2025-07-30', 1),
(933, 8720181260506, 3, '2025-07-30', 1),
(934, 8720181387753, 3, '2025-07-30', 1),
(935, 8720181260544, 3, '2025-07-30', 1),
(936, 8720181403347, 3, '2025-07-30', 1),
(937, 8720181275401, 3, '2025-07-30', 1),
(938, 8720181408793, 3, '2025-07-30', -1),
(939, 8720181284335, 3, '2025-07-30', 1),
(940, 8720181409059, 3, '2025-07-30', 0),
(941, 8720181284373, 3, '2025-07-30', 1),
(942, 8594005390225, 3, '2025-07-30', 1),
(943, 8720181284953, 3, '2025-07-30', 1),
(944, 8594005396746, 3, '2025-07-30', 1),
(945, 8720181291449, 3, '2025-07-30', 1),
(946, 8720181291562, 3, '2025-07-30', 1),
(947, 8720181291623, 3, '2025-07-30', 1),
(948, 8720181291715, 3, '2025-07-30', 1),
(949, 8720181291746, 3, '2025-07-30', 1),
(950, 8720181291890, 3, '2025-07-30', 1),
(951, 8720181291999, 3, '2025-07-30', 1),
(952, 8720181292026, 3, '2025-07-30', 1),
(953, 8720181302220, 3, '2025-07-30', 1),
(954, 8720181313417, 3, '2025-07-30', 1),
(955, 8720181313431, 3, '2025-07-30', 1),
(956, 8720181313448, 3, '2025-07-30', 1),
(957, 8720181327155, 3, '2025-07-30', 1),
(958, 8720181327186, 3, '2025-07-30', 1),
(959, 8720181334757, 3, '2025-07-30', 1),
(960, 8720181338182, 3, '2025-07-30', 1),
(961, 8720181339936, 3, '2025-07-30', 1),
(962, 8720181350900, 3, '2025-07-30', 1),
(963, 8720181375231, 3, '2025-07-30', 1),
(964, 8720181392467, 3, '2025-07-30', 1),
(965, 8720181392474, 3, '2025-07-30', 1),
(966, 8720181415463, 3, '2025-07-30', 1),
(967, 8720181437243, 3, '2025-07-30', 1),
(968, 8720181446818, 3, '2025-07-30', 1),
(969, 8720181446849, 3, '2025-07-30', 1),
(970, 8720181446863, 3, '2025-07-30', 1),
(971, 8720181449246, 3, '2025-07-30', 1),
(972, 8720181449260, 3, '2025-07-30', 1),
(973, 8720181449857, 3, '2025-07-30', 1),
(974, 8720181449871, 3, '2025-07-30', 1),
(975, 8720181450396, 3, '2025-07-30', 1),
(976, 8720181450402, 3, '2025-07-30', 1),
(977, 8720181450419, 3, '2025-07-30', 1),
(978, 8720181457425, 3, '2025-07-30', 1),
(979, 8720181457449, 3, '2025-07-30', 1),
(980, 8720181464171, 3, '2025-07-30', 1),
(981, 8720181464188, 3, '2025-07-30', 1),
(982, 8720181464201, 3, '2025-07-30', 1),
(983, 8720181466489, 3, '2025-07-30', 1),
(984, 8720181466502, 3, '2025-07-30', 1),
(985, 8720181468438, 3, '2025-07-30', 1),
(986, 8720181468469, 3, '2025-07-30', 1),
(987, 8720181468513, 3, '2025-07-30', 1),
(988, 8720181471742, 3, '2025-07-30', 1),
(989, 8720181481079, 3, '2025-07-30', 1),
(990, 8720181481529, 3, '2025-07-30', 1),
(991, 8720181501821, 3, '2025-07-30', 0),
(992, 8720181501845, 3, '2025-07-30', 1),
(993, 8720181507281, 3, '2025-07-30', 1),
(994, 8720181518942, 3, '2025-07-30', 1),
(995, 8720181538988, 3, '2025-07-30', 1),
(996, 8720181538995, 3, '2025-07-30', 1),
(997, 8720181539183, 3, '2025-07-30', 1),
(998, 8720181539404, 3, '2025-07-30', 1),
(999, 8720181555602, 3, '2025-07-30', 1),
(1000, 8720181555640, 3, '2025-07-30', 1),
(1001, 8720181565830, 3, '2025-07-30', 1),
(1002, 8720181570070, 3, '2025-07-30', 1),
(1003, 8720181573576, 3, '2025-07-30', 1),
(1004, 8720181598616, 3, '2025-07-30', 1),
(1005, 8720181608315, 3, '2025-07-30', 1),
(1006, 8720181608391, 3, '2025-07-30', 1),
(1007, 8720181637957, 3, '2025-07-30', 1),
(1008, 8720181637964, 3, '2025-07-30', 1),
(1009, 8720181637971, 3, '2025-07-30', 1),
(1010, 8720182258137, 3, '2025-07-30', 1),
(1011, 8720182259332, 3, '2025-07-30', 1),
(1012, 8720182259813, 3, '2025-07-30', 1),
(1013, 59002161, 2, '2025-07-28', 1),
(1014, 59002161, 2, '2025-07-30', 1),
(1015, 42182627, 3, '2025-08-01', 1),
(1016, 8000660310282, 3, '2025-08-01', 1),
(1017, 8000660310466, 3, '2025-08-01', 1),
(1018, 42182634, 3, '2025-08-01', 1),
(1019, 8710908176852, 3, '2025-08-01', 1),
(1020, 59002161, 3, '2025-08-01', 1),
(1021, 8720181019425, 3, '2025-08-01', 1),
(1022, 59002192, 3, '2025-08-01', 1),
(1023, 8720181019432, 3, '2025-08-01', 1),
(1024, 59002222, 3, '2025-08-01', 1),
(1025, 8720181019449, 3, '2025-08-01', 1),
(1026, 59004660, 3, '2025-08-01', 1),
(1027, 8720181168550, 3, '2025-08-01', 1),
(1028, 59004783, 3, '2025-08-01', 1),
(1029, 8720181409684, 3, '2025-08-01', 1),
(1030, 59086789, 3, '2025-08-01', 1),
(1031, 8720181409707, 3, '2025-08-01', 1),
(1032, 59086802, 3, '2025-08-01', 1),
(1033, 8720181409714, 3, '2025-08-01', 1),
(1034, 8720181410642, 3, '2025-08-01', 1),
(1035, 59092674, 3, '2025-08-01', 1),
(1036, 59095859, 3, '2025-08-01', 1),
(1037, 8720181410659, 3, '2025-08-01', 1),
(1038, 59099505, 3, '2025-08-01', 1),
(1039, 8720181410666, 3, '2025-08-01', 1),
(1040, 59099611, 3, '2025-08-01', 1),
(1041, 8720181410673, 3, '2025-08-01', 1),
(1042, 59099710, 3, '2025-08-01', 1),
(1043, 8720181410680, 3, '2025-08-01', 1),
(1044, 59099734, 3, '2025-08-01', 1),
(1045, 8720181414909, 3, '2025-08-01', 1),
(1046, 73103714, 3, '2025-08-01', 1),
(1047, 8720181414916, 3, '2025-08-01', 1),
(1048, 96086230, 3, '2025-08-01', 1),
(1049, 8720181414923, 3, '2025-08-01', 1),
(1050, 8720181414930, 3, '2025-08-01', 1),
(1051, 4000388176904, 3, '2025-08-01', 1),
(1052, 4000388177000, 3, '2025-08-01', 1),
(1053, 8720181512865, 3, '2025-08-01', 0),
(1054, 5012254068151, 3, '2025-08-01', 1),
(1055, 8720181512872, 3, '2025-08-01', 1),
(1056, 8720181512889, 3, '2025-08-01', 1),
(1057, 5900300056002, 3, '2025-08-01', 1),
(1058, 8720181513114, 3, '2025-08-01', 1),
(1059, 5900300856794, 3, '2025-08-01', 1),
(1060, 5996037081394, 3, '2025-08-01', 1),
(1061, 8720181548840, 3, '2025-08-01', 1),
(1062, 5996358011865, 3, '2025-08-01', 1),
(1063, 8720181548857, 3, '2025-08-01', 1),
(1064, 8710447276600, 3, '2025-08-01', 1),
(1065, 8720181548864, 3, '2025-08-01', 1),
(1066, 8710447284094, 3, '2025-08-01', 1),
(1067, 8720181548871, 3, '2025-08-01', 1),
(1068, 8710447284117, 3, '2025-08-01', 1),
(1069, 8720181619861, 3, '2025-08-01', 0),
(1070, 8710447328095, 3, '2025-08-01', 1),
(1071, 8720181619892, 3, '2025-08-01', 0),
(1072, 8710447422991, 3, '2025-08-01', 1),
(1073, 8720181619908, 3, '2025-08-01', 0),
(1074, 8710447423004, 3, '2025-08-01', 1),
(1075, 8710447462720, 3, '2025-08-01', 1),
(1076, 8720181674174, 3, '2025-08-01', 1),
(1077, 8710447462737, 3, '2025-08-01', 1),
(1078, 8720181676406, 3, '2025-08-01', 1),
(1079, 8710447462768, 3, '2025-08-01', 1),
(1080, 8720181676413, 3, '2025-08-01', 1),
(1081, 8710447462775, 3, '2025-08-01', 1),
(1082, 8720181676420, 3, '2025-08-01', 1),
(1083, 8720181680403, 3, '2025-08-01', 1),
(1084, 8710447482179, 3, '2025-08-01', 1),
(1085, 8720181680410, 3, '2025-08-01', 1),
(1086, 8710447485323, 3, '2025-08-01', 1),
(1087, 8720181680427, 3, '2025-08-01', 1),
(1088, 8710447497357, 3, '2025-08-01', 1),
(1089, 8720182931412, 3, '2025-08-01', 1),
(1090, 8710522323007, 3, '2025-08-01', 1),
(1091, 5996037079544, 3, '2025-08-01', 1),
(1092, 8710522323120, 3, '2025-08-01', 1),
(1093, 5996037079780, 3, '2025-08-01', 1),
(1094, 8710522323144, 3, '2025-08-01', 1),
(1095, 5996037079797, 3, '2025-08-01', 1),
(1096, 8710522417379, 3, '2025-08-01', 1),
(1097, 5996358010714, 3, '2025-08-01', 1),
(1098, 8710847940781, 3, '2025-08-01', 1),
(1099, 8710908675089, 3, '2025-08-01', 1),
(1100, 8710847962769, 3, '2025-08-01', 1),
(1101, 8710847962783, 3, '2025-08-01', 1),
(1102, 8712561293082, 3, '2025-08-01', 1),
(1103, 8710847974427, 3, '2025-08-01', 1),
(1104, 8712561293518, 3, '2025-08-01', 1),
(1105, 8710847974441, 3, '2025-08-01', 1),
(1106, 8717163286975, 3, '2025-08-01', 1),
(1107, 8710908828577, 3, '2025-08-01', 1),
(1108, 8717163760192, 3, '2025-08-01', 1),
(1109, 8711600350212, 3, '2025-08-01', 1),
(1110, 8717163983119, 3, '2025-08-01', 1),
(1111, 8711600359659, 3, '2025-08-01', 1),
(1112, 8717644169490, 3, '2025-08-01', 1),
(1113, 8711600368804, 3, '2025-08-01', 1),
(1114, 8718114433950, 3, '2025-08-01', 1),
(1115, 8711600390140, 3, '2025-08-01', 1),
(1116, 8718114635729, 3, '2025-08-01', 1),
(1117, 8711600504141, 3, '2025-08-01', 1),
(1118, 8720181345913, 3, '2025-08-01', 1),
(1119, 8711600748934, 3, '2025-08-01', 1),
(1120, 8720181345920, 3, '2025-08-01', 1),
(1121, 8711600748965, 3, '2025-08-01', 1),
(1122, 8720181345944, 3, '2025-08-01', 1),
(1123, 8711700677219, 3, '2025-08-01', 1),
(1124, 8720181345951, 3, '2025-08-01', 1),
(1125, 8712561021807, 3, '2025-08-01', 1),
(1126, 8720181348853, 3, '2025-08-01', 1),
(1127, 8712561319409, 3, '2025-08-01', 1),
(1128, 8720181349836, 3, '2025-08-01', 1),
(1129, 8712561398893, 3, '2025-08-01', 1),
(1130, 8720181349843, 3, '2025-08-01', 1),
(1131, 8712561399074, 3, '2025-08-01', 1),
(1132, 8720181621475, 3, '2025-08-01', 1),
(1133, 8712561399234, 3, '2025-08-01', 1),
(1134, 8720181721335, 3, '2025-08-01', 1),
(1135, 8712561534444, 3, '2025-08-01', 1),
(1136, 8720181730092, 3, '2025-08-01', 1),
(1137, 8712561672511, 3, '2025-08-01', 1),
(1138, 8712561704502, 3, '2025-08-01', 1),
(1139, 8720182796400, 3, '2025-08-01', 1),
(1140, 8720182796417, 3, '2025-08-01', 1),
(1141, 8712561772983, 3, '2025-08-01', 1),
(1142, 8720182796424, 3, '2025-08-01', 1),
(1143, 8717163340561, 3, '2025-08-01', 1),
(1144, 8720182898692, 3, '2025-08-01', 1),
(1145, 8717163573792, 3, '2025-08-01', 1),
(1146, 8720182903143, 3, '2025-08-01', 1),
(1147, 8717163605776, 3, '2025-08-01', 1),
(1148, 8720182903150, 3, '2025-08-01', 1),
(1149, 8717163947739, 3, '2025-08-01', 1),
(1150, 8720182903167, 3, '2025-08-01', 1),
(1151, 8717644119938, 3, '2025-08-01', 1),
(1152, 8717644120224, 3, '2025-08-01', 1),
(1153, 8720182903235, 3, '2025-08-01', 1),
(1154, 8717644192917, 3, '2025-08-01', 1),
(1155, 8720182903266, 3, '2025-08-01', 1),
(1156, 8720182903846, 3, '2025-08-01', 1),
(1157, 8717644192948, 3, '2025-08-01', 1),
(1158, 8720182903884, 3, '2025-08-01', 1),
(1159, 8717644326671, 3, '2025-08-01', 1),
(1160, 8720182911513, 3, '2025-08-01', 1),
(1161, 8717644461068, 3, '2025-08-01', 1),
(1162, 8720182911568, 3, '2025-08-01', 0),
(1163, 8717644485910, 3, '2025-08-01', 1),
(1164, 8720182917539, 3, '2025-08-01', 1),
(1165, 8717644585337, 3, '2025-08-01', 1),
(1166, 8720182924384, 3, '2025-08-01', 1),
(1167, 8717644966594, 3, '2025-08-01', 1),
(1168, 8720182924407, 3, '2025-08-01', 1),
(1169, 8720182924414, 3, '2025-08-01', 1),
(1170, 8718114198903, 3, '2025-08-01', 1),
(1171, 8718114650708, 3, '2025-08-01', 1),
(1172, 8720182924421, 3, '2025-08-01', 1),
(1173, 8720182926081, 3, '2025-08-01', 1),
(1174, 8720181012891, 3, '2025-08-01', 1),
(1175, 8720181027680, 3, '2025-08-01', 1),
(1176, 8721201980190, 3, '2025-08-01', 1),
(1177, 8720181032905, 3, '2025-08-01', 1),
(1178, 8712561142342, 3, '2025-08-01', 1),
(1179, 8720181032912, 3, '2025-08-01', 1),
(1180, 8712561212144, 3, '2025-08-01', 1),
(1181, 8720181047749, 3, '2025-08-01', 1),
(1182, 8712561552776, 3, '2025-08-01', 1),
(1183, 8712561552905, 3, '2025-08-01', 1),
(1184, 8720181061707, 3, '2025-08-01', 1),
(1185, 8720181109201, 3, '2025-08-01', 1),
(1186, 8712561552936, 3, '2025-08-01', 1),
(1187, 8720181109218, 3, '2025-08-01', 1),
(1188, 8712561561686, 3, '2025-08-01', 1),
(1189, 8720181121777, 3, '2025-08-01', 0),
(1190, 8717163522103, 3, '2025-08-01', 1),
(1191, 8717644075111, 3, '2025-08-01', 1),
(1192, 8720181166372, 3, '2025-08-01', 1),
(1193, 8717644075265, 3, '2025-08-01', 1),
(1194, 8720181166389, 3, '2025-08-01', 1),
(1195, 8720181338458, 3, '2025-08-01', 1),
(1196, 8720181192128, 3, '2025-08-01', 1),
(1197, 8720181338489, 3, '2025-08-01', 1),
(1198, 8720181196157, 3, '2025-08-01', 1),
(1199, 8720181338496, 3, '2025-08-01', 1),
(1200, 8720181204111, 3, '2025-08-01', 1),
(1201, 8720182848390, 3, '2025-08-01', 1),
(1202, 8720181209550, 3, '2025-08-01', 1),
(1203, 8711600283039, 3, '2025-08-01', 1),
(1204, 8720181209567, 3, '2025-08-01', 1),
(1205, 8711600283060, 3, '2025-08-01', 1),
(1206, 8717163287477, 3, '2025-08-01', 1),
(1207, 8720181227004, 3, '2025-08-01', 1),
(1208, 8717163287507, 3, '2025-08-01', 1),
(1209, 8720181238079, 3, '2025-08-01', 1),
(1210, 8717163891438, 3, '2025-08-01', 1),
(1211, 8720181260506, 3, '2025-08-01', 1),
(1212, 8720181387753, 3, '2025-08-01', 1),
(1213, 8720181260544, 3, '2025-08-01', 1),
(1214, 8720181403347, 3, '2025-08-01', 1),
(1215, 8720181275401, 3, '2025-08-01', 1),
(1216, 8720181408793, 3, '2025-08-01', -1),
(1217, 8720181284335, 3, '2025-08-01', 1),
(1218, 8720181409059, 3, '2025-08-01', 0),
(1219, 8720181284373, 3, '2025-08-01', 1),
(1220, 8594005390225, 3, '2025-08-01', 1),
(1221, 8720181284953, 3, '2025-08-01', 1),
(1222, 8594005396746, 3, '2025-08-01', 1),
(1223, 8720181291449, 3, '2025-08-01', 1),
(1224, 8720181291562, 3, '2025-08-01', 1),
(1225, 8720181291623, 3, '2025-08-01', 1),
(1226, 8720181291715, 3, '2025-08-01', 1),
(1227, 8720181291746, 3, '2025-08-01', 1),
(1228, 8720181291890, 3, '2025-08-01', 1),
(1229, 8720181291999, 3, '2025-08-01', 1),
(1230, 8720181292026, 3, '2025-08-01', 1),
(1231, 8720181302220, 3, '2025-08-01', 1),
(1232, 8720181313417, 3, '2025-08-01', 1),
(1233, 8720181313431, 3, '2025-08-01', 1),
(1234, 8720181313448, 3, '2025-08-01', 1),
(1235, 8720181327155, 3, '2025-08-01', 1),
(1236, 8720181327186, 3, '2025-08-01', 1),
(1237, 8720181334757, 3, '2025-08-01', 1),
(1238, 8720181338182, 3, '2025-08-01', 1),
(1239, 8720181339936, 3, '2025-08-01', 1),
(1240, 8720181350900, 3, '2025-08-01', 1),
(1241, 8720181375231, 3, '2025-08-01', 1),
(1242, 8720181392467, 3, '2025-08-01', 1),
(1243, 8720181392474, 3, '2025-08-01', 1),
(1244, 8720181415463, 3, '2025-08-01', 1),
(1245, 8720181437243, 3, '2025-08-01', 1),
(1246, 8720181446818, 3, '2025-08-01', 1),
(1247, 8720181446849, 3, '2025-08-01', 1),
(1248, 8720181446863, 3, '2025-08-01', 1),
(1249, 8720181449246, 3, '2025-08-01', 1),
(1250, 8720181449260, 3, '2025-08-01', 1),
(1251, 8720181449857, 3, '2025-08-01', 1),
(1252, 8720181449871, 3, '2025-08-01', 1),
(1253, 8720181450396, 3, '2025-08-01', 1),
(1254, 8720181450402, 3, '2025-08-01', 1),
(1255, 8720181450419, 3, '2025-08-01', 0),
(1256, 8720181457425, 3, '2025-08-01', 1),
(1257, 8720181457449, 3, '2025-08-01', 1),
(1258, 8720181464171, 3, '2025-08-01', 1),
(1259, 8720181464188, 3, '2025-08-01', 1),
(1260, 8720181464201, 3, '2025-08-01', 1),
(1261, 8720181466489, 3, '2025-08-01', 1),
(1262, 8720181466502, 3, '2025-08-01', 1),
(1263, 8720181468438, 3, '2025-08-01', 1),
(1264, 8720181468469, 3, '2025-08-01', 1),
(1265, 8720181468513, 3, '2025-08-01', 1),
(1266, 8720181471742, 3, '2025-08-01', 1),
(1267, 8720181481079, 3, '2025-08-01', 1),
(1268, 8720181481529, 3, '2025-08-01', 1),
(1269, 8720181501821, 3, '2025-08-01', 1),
(1270, 8720181501845, 3, '2025-08-01', 1),
(1271, 8720181507281, 3, '2025-08-01', 1),
(1272, 8720181518942, 3, '2025-08-01', 1),
(1273, 8720181538988, 3, '2025-08-01', 1),
(1274, 8720181538995, 3, '2025-08-01', 1),
(1275, 8720181539183, 3, '2025-08-01', 1),
(1276, 8720181539404, 3, '2025-08-01', 1),
(1277, 8720181555602, 3, '2025-08-01', 1),
(1278, 8720181555640, 3, '2025-08-01', 1),
(1279, 8720181565830, 3, '2025-08-01', 1),
(1280, 8720181570070, 3, '2025-08-01', 1),
(1281, 8720181573576, 3, '2025-08-01', 1),
(1282, 8720181598616, 3, '2025-08-01', 1),
(1283, 8720181608315, 3, '2025-08-01', 1),
(1284, 8720181608391, 3, '2025-08-01', 1),
(1285, 8720181637957, 3, '2025-08-01', 1),
(1286, 8720181637964, 3, '2025-08-01', 1),
(1287, 8720181637971, 3, '2025-08-01', 1),
(1288, 8720182258137, 3, '2025-08-01', 1),
(1289, 8720182259332, 3, '2025-08-01', 1),
(1290, 8720182259813, 3, '2025-08-01', 1),
(1312, 59002161, 3, '2025-08-04', 1),
(1313, 8712561142342, 3, '2025-08-04', 1),
(1314, 59002192, 3, '2025-08-04', 1),
(1315, 8712561212144, 3, '2025-08-04', 1),
(1316, 59004660, 3, '2025-08-04', 1),
(1317, 8712561552776, 3, '2025-08-04', 1),
(1318, 59086789, 3, '2025-08-04', 1),
(1319, 8712561552905, 3, '2025-08-04', 1),
(1320, 59086802, 3, '2025-08-04', 1),
(1321, 8712561552936, 3, '2025-08-04', 1),
(1322, 8710447276600, 3, '2025-08-04', 1),
(1323, 8712561561686, 3, '2025-08-04', 1),
(1324, 8710447284094, 3, '2025-08-04', 1),
(1325, 8717163522103, 3, '2025-08-04', 1),
(1326, 8710447284117, 3, '2025-08-04', 1),
(1327, 8717644075111, 3, '2025-08-04', 1),
(1328, 8710447497357, 3, '2025-08-04', 1),
(1329, 8717644075265, 3, '2025-08-04', 1),
(1330, 8711600359659, 3, '2025-08-04', 1),
(1331, 8720181338458, 3, '2025-08-04', 1),
(1332, 8717163947739, 3, '2025-08-04', 1),
(1333, 8720181338489, 3, '2025-08-04', 1),
(1334, 8717644326671, 3, '2025-08-04', 1),
(1335, 8720181338496, 3, '2025-08-04', 1),
(1336, 8718114650708, 3, '2025-08-04', 1),
(1337, 8720182848390, 3, '2025-08-04', 1),
(1338, 8720181027680, 3, '2025-08-04', 1),
(1339, 8000660310282, 3, '2025-08-04', 1),
(1340, 8720181047749, 3, '2025-08-04', 1),
(1341, 8000660310466, 3, '2025-08-04', 1),
(1342, 8720181166372, 3, '2025-08-04', 1),
(1343, 8710908176852, 3, '2025-08-04', 1),
(1344, 8720181166389, 3, '2025-08-04', 1),
(1345, 8720181019425, 3, '2025-08-04', 1),
(1346, 8720181192128, 3, '2025-08-04', 1),
(1347, 8720181019432, 3, '2025-08-04', 1),
(1348, 8720181204111, 3, '2025-08-04', 1),
(1349, 8720181019449, 3, '2025-08-04', 1),
(1350, 8720181415463, 3, '2025-08-04', 1),
(1351, 8720181555602, 3, '2025-08-04', 1),
(1352, 8720181168550, 3, '2025-08-04', 1),
(1353, 8720181555640, 3, '2025-08-04', 1),
(1354, 8720181409684, 3, '2025-08-04', 1),
(1355, 8720181598616, 3, '2025-08-04', 1),
(1356, 8720181409707, 3, '2025-08-04', 1),
(1357, 5996037081394, 3, '2025-08-04', 1),
(1358, 8720181409714, 3, '2025-08-04', 1),
(1359, 5996358011865, 3, '2025-08-04', 1),
(1360, 8720181410642, 3, '2025-08-04', 1),
(1361, 8710447422991, 3, '2025-08-04', 1),
(1362, 8720181410659, 3, '2025-08-04', 1),
(1363, 8710447423004, 3, '2025-08-04', 1),
(1364, 8720181410666, 3, '2025-08-04', 1),
(1365, 8710447462720, 3, '2025-08-04', 1),
(1366, 8720181410673, 3, '2025-08-04', 1),
(1367, 8710447462737, 3, '2025-08-04', 1),
(1368, 8720181410680, 3, '2025-08-04', 1),
(1369, 8710447462768, 3, '2025-08-04', 1),
(1370, 8720181414909, 3, '2025-08-04', 1),
(1371, 8710447462775, 3, '2025-08-04', 1),
(1372, 8720181414916, 3, '2025-08-04', 1),
(1373, 8710908828577, 3, '2025-08-04', 1),
(1374, 8711600390140, 3, '2025-08-04', 1),
(1375, 8720181414923, 3, '2025-08-04', 1),
(1376, 8720181414930, 3, '2025-08-04', 1),
(1377, 8711600748934, 3, '2025-08-04', 1),
(1378, 8720181512865, 3, '2025-08-04', 0),
(1379, 8711600748965, 3, '2025-08-04', 1),
(1380, 8720181512872, 3, '2025-08-04', 1),
(1381, 8711700677219, 3, '2025-08-04', 1),
(1382, 8720181512889, 3, '2025-08-04', 1),
(1383, 8712561021807, 3, '2025-08-04', 1),
(1384, 8720181513114, 3, '2025-08-04', 1),
(1385, 8712561398893, 3, '2025-08-04', 1),
(1386, 8720181548840, 3, '2025-08-04', 1),
(1387, 8712561399074, 3, '2025-08-04', 1),
(1388, 8720181548857, 3, '2025-08-04', 1),
(1389, 8712561399234, 3, '2025-08-04', 1),
(1390, 8720181548864, 3, '2025-08-04', 1),
(1391, 8712561672511, 3, '2025-08-04', 1),
(1392, 8720181548871, 3, '2025-08-04', 1),
(1393, 8712561704502, 3, '2025-08-04', 1),
(1394, 8720181619861, 3, '2025-08-04', 0),
(1395, 8712561772983, 3, '2025-08-04', 1),
(1396, 8720181619892, 3, '2025-08-04', 0),
(1397, 8720181619908, 3, '2025-08-04', 0),
(1398, 8717644119938, 3, '2025-08-04', 1),
(1399, 8720181674174, 3, '2025-08-04', 1),
(1400, 8717644120224, 3, '2025-08-04', 1),
(1401, 8720181676406, 3, '2025-08-04', 1),
(1402, 8717644192917, 3, '2025-08-04', 1),
(1403, 8720181676413, 3, '2025-08-04', 1),
(1404, 8717644192948, 3, '2025-08-04', 1),
(1405, 8720181676420, 3, '2025-08-04', 1),
(1406, 8717644485910, 3, '2025-08-04', 1),
(1407, 8720181680403, 3, '2025-08-04', 1),
(1408, 8717644966594, 3, '2025-08-04', 1),
(1409, 8720181680410, 3, '2025-08-04', 1),
(1410, 8720181012891, 3, '2025-08-04', 1),
(1411, 8720181032905, 3, '2025-08-04', 1),
(1412, 8720181680427, 3, '2025-08-04', 1),
(1413, 8720181032912, 3, '2025-08-04', 1),
(1414, 8720182931412, 3, '2025-08-04', 1),
(1415, 8720181109201, 3, '2025-08-04', 1),
(1416, 5996037079544, 3, '2025-08-04', 1),
(1417, 8720181109218, 3, '2025-08-04', 1),
(1418, 5996037079780, 3, '2025-08-04', 1),
(1419, 8720181209550, 3, '2025-08-04', 1),
(1420, 5996037079797, 3, '2025-08-04', 1),
(1421, 8720181209567, 3, '2025-08-04', 1),
(1422, 5996358010714, 3, '2025-08-04', 1),
(1423, 8720181227004, 3, '2025-08-04', 1),
(1424, 8710908675089, 3, '2025-08-04', 1),
(1425, 8720181338182, 3, '2025-08-04', 1),
(1426, 8712561293082, 3, '2025-08-04', 1),
(1427, 8720181350900, 3, '2025-08-04', 1),
(1428, 8712561293518, 3, '2025-08-04', 1),
(1429, 8720181392467, 3, '2025-08-04', 1),
(1430, 8717163286975, 3, '2025-08-04', 1),
(1431, 8717163760192, 3, '2025-08-04', 1),
(1432, 8720181392474, 3, '2025-08-04', 1),
(1433, 8720181464171, 3, '2025-08-04', 1),
(1434, 8717163983119, 3, '2025-08-04', 1),
(1435, 8720181464188, 3, '2025-08-04', 1),
(1436, 8717644169490, 3, '2025-08-04', 1),
(1437, 8720181464201, 3, '2025-08-04', 1),
(1438, 8718114433950, 3, '2025-08-04', 1),
(1439, 8720181637957, 3, '2025-08-04', 1),
(1440, 8718114635729, 3, '2025-08-04', 1),
(1441, 8720181637964, 3, '2025-08-04', 1),
(1442, 8720181345913, 3, '2025-08-04', 1),
(1443, 8720181637971, 3, '2025-08-04', 1),
(1444, 8720181345920, 3, '2025-08-04', 1),
(1445, 59092674, 3, '2025-08-04', 1),
(1446, 8720181345944, 3, '2025-08-04', 1),
(1447, 8720181345951, 3, '2025-08-04', 0),
(1448, 59095859, 3, '2025-08-04', 1),
(1449, 8720181348853, 3, '2025-08-04', 1),
(1450, 59099505, 3, '2025-08-04', 1),
(1451, 8720181349836, 3, '2025-08-04', 0),
(1452, 59099611, 3, '2025-08-04', 1),
(1453, 8720181349843, 3, '2025-08-04', 1),
(1454, 4000388176904, 3, '2025-08-04', 1),
(1455, 8720181621475, 3, '2025-08-04', 1),
(1456, 4000388177000, 3, '2025-08-04', 1),
(1457, 8710447482179, 3, '2025-08-04', 1),
(1458, 8720181721335, 3, '2025-08-04', 1),
(1459, 8710847962769, 3, '2025-08-04', 1),
(1460, 8720181730092, 3, '2025-08-04', 1),
(1461, 8710847962783, 3, '2025-08-04', 1),
(1462, 8720182796400, 3, '2025-08-04', 1),
(1463, 8720182796417, 3, '2025-08-04', 1),
(1464, 8711600368804, 3, '2025-08-04', 1),
(1465, 8720182796424, 3, '2025-08-04', 1),
(1466, 8717163573792, 3, '2025-08-04', 1),
(1467, 8717163605776, 3, '2025-08-04', 1),
(1468, 8720182898692, 3, '2025-08-04', 1),
(1469, 8720181121777, 3, '2025-08-04', 0),
(1470, 8720182903143, 3, '2025-08-04', 1),
(1471, 8720181260506, 3, '2025-08-04', 1),
(1472, 8720182903150, 3, '2025-08-04', 1),
(1473, 8720181260544, 3, '2025-08-04', 1),
(1474, 8720182903167, 3, '2025-08-04', 1),
(1475, 8720181291449, 3, '2025-08-04', 1),
(1476, 8720182903235, 3, '2025-08-04', 1),
(1477, 8720181291562, 3, '2025-08-04', 1),
(1478, 8720182903266, 3, '2025-08-04', 1),
(1479, 8720181291623, 3, '2025-08-04', 1),
(1480, 8720182903846, 3, '2025-08-04', 1),
(1481, 8720182903884, 3, '2025-08-04', 1),
(1482, 8720181291715, 3, '2025-08-04', 1),
(1483, 8720181291746, 3, '2025-08-04', 1),
(1484, 8720182911513, 3, '2025-08-04', 1),
(1485, 8720182911568, 3, '2025-08-04', 0),
(1486, 8720181291890, 3, '2025-08-04', 1),
(1487, 8720181291999, 3, '2025-08-04', 1),
(1488, 8720182917539, 3, '2025-08-04', 0),
(1489, 8720181292026, 3, '2025-08-04', 1),
(1490, 8720182924384, 3, '2025-08-04', 1),
(1491, 8720181302220, 3, '2025-08-04', 1),
(1492, 8720182924407, 3, '2025-08-04', 1),
(1493, 8720182924414, 3, '2025-08-04', 1),
(1494, 8720181339936, 3, '2025-08-04', 1),
(1495, 8720182924421, 3, '2025-08-04', 1),
(1496, 8720181457425, 3, '2025-08-04', 1),
(1497, 8720182926081, 3, '2025-08-04', 1),
(1498, 8720181457449, 3, '2025-08-04', 1),
(1499, 8721201980190, 3, '2025-08-04', 1),
(1500, 8720181466489, 3, '2025-08-04', 1),
(1501, 8711600283039, 3, '2025-08-04', 1),
(1502, 8720181466502, 3, '2025-08-04', 1),
(1503, 8711600283060, 3, '2025-08-04', 1),
(1504, 8720181468438, 3, '2025-08-04', 1),
(1505, 8717163287477, 3, '2025-08-04', 1),
(1506, 8720181468469, 3, '2025-08-04', 1),
(1507, 8717163287507, 3, '2025-08-04', 1),
(1508, 8720181468513, 3, '2025-08-04', 1),
(1509, 8717163891438, 3, '2025-08-04', 0),
(1510, 8720181471742, 3, '2025-08-04', 1),
(1511, 8720181387753, 3, '2025-08-04', 1),
(1512, 8720181481079, 3, '2025-08-04', 1),
(1513, 8720181403347, 3, '2025-08-04', 1),
(1514, 8720181481529, 3, '2025-08-04', 0),
(1515, 8720181408793, 3, '2025-08-04', -1),
(1516, 8720181507281, 3, '2025-08-04', 1),
(1517, 8720181409059, 3, '2025-08-04', 0),
(1518, 8720181565830, 3, '2025-08-04', 1),
(1519, 8594005390225, 3, '2025-08-04', 1),
(1520, 8720181608315, 3, '2025-08-04', 1),
(1521, 8594005396746, 3, '2025-08-04', 1),
(1522, 8720181608391, 3, '2025-08-04', 1),
(1523, 8720182258137, 3, '2025-08-04', 1),
(1524, 8720182259332, 3, '2025-08-04', 1),
(1525, 8720182259813, 3, '2025-08-04', 1),
(1526, 59099710, 3, '2025-08-04', 1),
(1527, 59099734, 3, '2025-08-04', 1),
(1528, 8720181284335, 3, '2025-08-04', 1),
(1529, 8720181284373, 3, '2025-08-04', 1),
(1530, 8720181284953, 3, '2025-08-04', 1),
(1531, 8720181313417, 3, '2025-08-04', 1),
(1532, 8720181313431, 3, '2025-08-04', 1),
(1533, 8720181313448, 3, '2025-08-04', 1),
(1534, 8720181375231, 3, '2025-08-04', 1),
(1535, 8720181570070, 3, '2025-08-04', 1),
(1536, 8720181573576, 3, '2025-08-04', 1),
(1537, 59002222, 3, '2025-08-04', 1),
(1538, 59004783, 3, '2025-08-04', 1),
(1539, 96086230, 3, '2025-08-04', 0),
(1540, 8711600350212, 3, '2025-08-04', 1),
(1541, 8711600504141, 3, '2025-08-04', 1),
(1542, 8712561319409, 3, '2025-08-04', 1),
(1543, 8717163340561, 3, '2025-08-04', 1),
(1544, 8717644585337, 3, '2025-08-04', 1),
(1545, 8720181450396, 3, '2025-08-04', 1),
(1546, 8720181450402, 3, '2025-08-04', 1),
(1547, 8720181450419, 3, '2025-08-04', 0),
(1548, 73103714, 3, '2025-08-04', 1),
(1549, 8712561534444, 3, '2025-08-04', 1),
(1550, 8720181334757, 3, '2025-08-04', 1),
(1551, 8720181449857, 3, '2025-08-04', 1),
(1552, 8720181449871, 3, '2025-08-04', 1),
(1553, 5900300056002, 3, '2025-08-04', 1),
(1554, 5900300856794, 3, '2025-08-04', 1),
(1555, 8710447328095, 3, '2025-08-04', 1),
(1556, 8710522417379, 3, '2025-08-04', 1),
(1557, 8717644461068, 3, '2025-08-04', 1),
(1558, 8718114198903, 3, '2025-08-04', 1),
(1559, 8720181196157, 3, '2025-08-04', 1),
(1560, 8720181275401, 3, '2025-08-04', 1),
(1561, 8720181327155, 3, '2025-08-04', 1),
(1562, 8720181327186, 3, '2025-08-04', 1),
(1563, 8720181437243, 3, '2025-08-04', 1),
(1564, 8720181501821, 3, '2025-08-04', 1),
(1565, 8720181501845, 3, '2025-08-04', 1),
(1566, 5012254068151, 3, '2025-08-04', 1),
(1567, 8710522323007, 3, '2025-08-04', 1),
(1568, 8710522323120, 3, '2025-08-04', 1),
(1569, 8710522323144, 3, '2025-08-04', 1),
(1570, 8710847940781, 3, '2025-08-04', 1),
(1571, 8710847974427, 3, '2025-08-04', 1),
(1572, 8710847974441, 3, '2025-08-04', 1),
(1573, 8720181238079, 3, '2025-08-04', 1),
(1574, 8720181446818, 3, '2025-08-04', 1),
(1575, 8720181446849, 3, '2025-08-04', 1),
(1576, 8720181446863, 3, '2025-08-04', 1),
(1577, 8720181449246, 3, '2025-08-04', 1),
(1578, 8720181449260, 3, '2025-08-04', 1),
(1579, 8720181518942, 3, '2025-08-04', 1),
(1580, 8720181538988, 3, '2025-08-04', 1),
(1581, 8720181538995, 3, '2025-08-04', 1),
(1582, 8720181539183, 3, '2025-08-04', 1),
(1583, 8720181539404, 3, '2025-08-04', 1),
(1584, 42182627, 3, '2025-08-04', 1),
(1585, 42182634, 3, '2025-08-04', 1),
(1586, 8710447485323, 3, '2025-08-04', 1),
(1587, 8720181061707, 3, '2025-08-04', 1);

-- --------------------------------------------------------

--
-- Table structure for table `oos_metrics`
--

CREATE TABLE `oos_metrics` (
  `shop_id` int(11) NOT NULL,
  `date` date NOT NULL,
  `total_products` int(11) DEFAULT NULL,
  `out_of_stock_count` int(11) DEFAULT NULL,
  `oos_rate` decimal(5,2) DEFAULT NULL
) ENGINE=InnoDB DEFAULT CHARSET=utf8mb4 COLLATE=utf8mb4_general_ci;

-- --------------------------------------------------------

--
-- Table structure for table `products`
--

CREATE TABLE `products` (
  `ean` bigint(20) NOT NULL,
  `name` varchar(255) NOT NULL,
  `brand_id` int(11) DEFAULT NULL,
  `category_id` int(11) DEFAULT NULL,
  `subcategory_id` int(11) DEFAULT NULL
) ENGINE=InnoDB DEFAULT CHARSET=utf8mb4 COLLATE=utf8mb4_general_ci;

--
-- Dumping data for table `products`
--

INSERT INTO `products` (`ean`, `name`, `brand_id`, `category_id`, `subcategory_id`) VALUES
(40883007, 'Silky kényeztető testápoló krém minden bőrtípusra 300ml', 3, 3, 24),
(42182627, 'tégelyes vazelin krém 50 ml', 12, 3, 24),
(42182634, 'tégelyes vazelin krém 100 ml', 12, 3, 24),
(50064861, 'Ajakápoló Rosy fémdobozos 20g', 12, 3, 22),
(50120772, 'izzadásgátló stift Quantum Dry 50 ml', 16, 1, 35),
(50398928, 'Heat Defence hővédő spray minden hajtípusra 60 ml', 11, 13, 36),
(54024892, 'tusfürdő Africa 400 ml', 1, 2, 33),
(59002161, 'ine Fragrance Collection Blue Lavender + Mint & Amber Scent dezodor stift 50 ml', 1, 1, 5),
(59002192, 'Fine Fragrance Collection stift 150 ml Cherry Fizz', 1, 1, 5),
(59002222, 'izzadásgátló stift Bright Bouquet 50 ml', 9, 1, 34),
(59002734, 'izzadásgátló stift Invisible B&W 50 ml', 9, 1, 34),
(59004660, 'Fine Fragrance Collection Black Vanilla + Orange & Sandalwood Scent dezodor stift 50 ml', 1, 1, 5),
(59004752, 'izzadásgátló stift Invisible Pure 50 ml', 9, 1, 34),
(59004769, 'izzadásgátló stift Invisible Aqua 50 ml', 9, 1, 34),
(59004776, 'izzadásgátló stift Cotton Dry 50 ml', 9, 1, 34),
(59004783, 'izzadásgátló stift Aloe Vera 50 ml', 9, 1, 34),
(59004790, 'izzadásgátló stift Active Protection+Invisible 50 ml', 9, 1, 34),
(59004806, 'izzadásgátló stift Active Protection+Fresh 50 ml', 9, 1, 34),
(59079583, 'stift 40ml Go Fresh alma & fehér tea', 3, 1, 34),
(59083856, 'Invisible Dry golyós izzadásgátló 50 ml', 3, 1, 27),
(59085751, 'izzadásgátló stift Invisible Fresh Power 50 ml', 16, 1, 35),
(59086789, 'stift 50ml Black', 1, 1, 35),
(59086802, 'stift 50ml Ice Chill', 1, 1, 35),
(59092575, 'Clean Comfort izzadásgátló roll-on 50 ml', 7, 1, 28),
(59092605, 'Men + Care Extra Fresh golyós izzadásgátló 50 ml', 7, 1, 28),
(59092674, 'Go Fresh acai bogyó és vízililiom golyós izzadásgátló 50 ml', 3, 1, 27),
(59095286, 'Go Fresh passiógyümölcs és citromfu golyós izzadásgátló 50ml', 3, 1, 27),
(59095330, 'Talco golyós izzadásgátló 50 ml', 3, 1, 27),
(59095453, 'Advanced Protection Invisible Ice roll-on 50ml', 16, 1, 28),
(59095552, 'Advanced Protection Invisible Aqua roll-on 50ml', 9, 1, 27),
(59095583, 'Maximum Protection Clean Scent golyós izzadásgátló 50 ml 72h', 9, 1, 27),
(59095606, 'Aloe Vera golyós izzadásgátló 50 ml', 9, 1, 27),
(59095613, 'Biorythm golyós izzadásgátló 50 ml', 9, 1, 27),
(59095620, 'Cotton Dry golyós izzadásgátló 50 ml', 9, 1, 27),
(59095644, 'Invisible B&W golyós izzadásgátló 50 ml', 9, 1, 27),
(59095675, 'Shower Fresh golyós izzadásgátló 50 ml', 9, 1, 27),
(59095859, 'Advanced Care Original izzadásgátló roll-on 50 ml', 3, 1, 27),
(59095866, 'Go Fresh körte és aloe vera golyós izzadásgátló 50 ml', 3, 1, 27),
(59095897, 'Silky Petals kényeztető testápoló krém minden bőrtípusra 300 ml', 3, 3, 24),
(59095958, 'Invisible Care 0% deo roll-on 50 ml', 3, 1, 27),
(59095965, 'Original 0% deo roll-on 50 ml', 3, 1, 27),
(59097921, 'Advanced Protection Invisible Black&White izzadásgátló stift 50 ml', 9, 1, 34),
(59097938, 'Advanced Protection izzadásgátló stift Bright Bouquet 50 ml', 9, 1, 34),
(59097945, 'Advanced Protection Cobalt Dry izzadásgátló stift 50 ml', 16, 1, 35),
(59097952, 'Advanced Protection Extreme Fresh izzadásgátló stift 50 ml', 16, 1, 35),
(59098461, 'Go Fresh Peach & White Blossom golyós izzadásgátló 50 ml', 3, 1, 27),
(59099239, 'Advanced Protection golyós izzadásgátló Invisible Aqua 50 ml', 9, 1, 27),
(59099260, 'Aloe Vera golyós izzadásgátló 50 ml', 9, 1, 27),
(59099284, 'golyós izzadásgátló Biorythm 50 ml', 9, 1, 27),
(59099307, 'golyós izzadásgátló Cotton Dry 50 ml', 9, 1, 27),
(59099369, 'golyós izzadásgátló Shower Fresh 50 ml', 9, 1, 27),
(59099505, 'Go Fresh Dragon Fruit és Kókusz izzadásgátló roll-on 50 ml', 3, 1, 27),
(59099574, 'Go Fresh uborka és zöld tea izzadásgátló stift 50 ml', 3, 1, 34),
(59099598, 'Advanced Care Invisible Dry izzadásgátló stift 50 ml', 3, 1, 34),
(59099611, 'Advanced Care Original izzadásgátló stift 50 ml', 3, 1, 34),
(59099628, 'Go Fresh körte és aloe vera izzadásgátló stift 50 ml', 3, 1, 34),
(59099642, 'Go Fresh Pomegranate izzadásgátló stift 50 ml', 3, 1, 34),
(59099710, 'Clean Comfort izzadásgátló stift 50 ml', 7, 1, 35),
(59099734, 'Invisible Dry izzadásgátló stift 50 ml', 7, 1, 35),
(73103714, 'izzadásgátló stift Cobalt Dry 50 ml', 16, 1, 35),
(80466468, 'krémstift Original 50ml', 3, 1, 34),
(87340655, 'stift 40ml Active Protection + Invisible', 9, 1, 34),
(87340686, 'izzadásgátló stift Active Protection 50 ml', 16, 1, 35),
(87342765, 'stift 40ml Inv.Care Floral Touch', 3, 1, 34),
(96086216, 'stift 40ml Invisible Aqua', 9, 1, 34),
(96086223, 'stift 40ml Invisible Pure', 9, 1, 34),
(96086230, 'stift 40ml Invisible Black&White', 9, 1, 34),
(96097335, 'izzadásgátló stift Invisible B&W 50 ml', 16, 1, 35),
(4000388176904, 'krémhabfürdő Caring Bath 500 ml', 3, 2, 19),
(4000388177000, 'folyékony krémszappan Deeply Nourishing 250 ml', 3, 2, 26),
(4000388179004, 'folyékony krémszappan utántöltő Deeply Nourishing 500 ml', 3, 2, 26),
(4000388669000, 'izzadásgátló aeroszol Cobalt Dry 150 ml', 16, 1, 5),
(5012254061022, 'Extra erős tartást adó hajlakk 100 ml', 11, 13, 36),
(5012254068144, 'Extrém erős tartást adó hajlakk 250 ml', 11, 13, 36),
(5012254068151, 'HSA EXTRA HOLD 250MLX6 UKIENO', 11, 13, 36),
(5099802150117, 'Ajakápoló Original fémdobozos 20g', 12, 3, 22),
(5900300045709, 'fogkrém Micro-Granules 75 ml', 10, 42, 39),
(5900300056002, 'Family fogkrém Herbal Fresh 75 ml', 10, 42, 37),
(5900300056101, 'Family fogkrém, Cavity Protection, 75 ml', 10, 42, 37),
(5900300132515, 'Family fogkrém, Cavity Protection, 125 ml', 10, 42, 37),
(5900300349388, 'Family fogkrém Daily white 125 ml', 10, 42, 37),
(5900300349395, 'fogkrém 125ml White System', 10, 42, 39),
(5900300804511, 'fogkrém White System 75 ml', 10, 42, 39),
(5900300856794, 'Family fogkrém Cavity Protection 75 ml', 10, 42, 37),
(5996037079544, 'Extended Power sűrű fertőtlenítő hatású tisztítószer Pine Fresh 2000ml', 4, 12, 13),
(5996037079780, 'Extended Power sűrű fertőtlenítő hatású tisztítószer Citrus Fresh 750ml', 4, 12, 13),
(5996037079797, 'Extended Power sűrű fertőtlenítő hatású tisztítószer Pine Fresh 750ml', 4, 12, 13),
(5996037081394, 'tusfürdő Lanolin 400ml', 5, 2, 4),
(5996358008773, 'Fehérítő sűrű hatékony kézi- és gépi mosáshoz Original 750ml', 4, 12, 9),
(5996358010714, 'Extended Power sűrű fertőtlenítő hatású tisztítószer Pink Fresh 750ml', 4, 12, 13),
(5996358011865, 'tusfürdő Kamilla&Méz 400ml', 5, 2, 4),
(8000660310282, 'illatpárna Kék 3db', 2, 11, 10),
(8000660310466, 'vasalófolyadék Blue 1L ', 2, 11, 10),
(8413300264270, 'fogkefe Classic Clean medium 1db', 10, 42, 37),
(8594005390225, 'Penész elleni szer 500ml', 13, 12, 12),
(8594005396746, 'Penész elleni szer fürdőszobai 500ml', 13, 12, 12),
(8710447171356, 'Active Protection + Invisible izzadásgátló aeroszol 150 ml', 16, 1, 5),
(8710447211229, 'deo 150ml Pink Blush', 9, 1, 3),
(8710447212936, 'Care+ Visible Glow önbarnító testápoló közepes-sötét árnyalatú bőrre  250 ml', 3, 3, 24),
(8710447212943, 'Care+ Visible Glow önbarnító testápoló világos-közepes árnyalatú bőrre  250 ml', 3, 3, 24),
(8710447249017, 'dezodor Gold 150 ml', 1, 1, 5),
(8710447257265, 'bőrradír gránátalma magokkal és shea vajjal 225 ml', 3, 2, 4),
(8710447275306, 'Invigorating Care kézkrém száraz bőrre 75 ml', 3, 3, 24),
(8710447275313, 'Restoring Care kézkrém száraz bőre 75 ml', 3, 3, 24),
(8710447276570, 'tusfürdő 250 ml Dark Temptation', 1, 2, 33),
(8710447276587, 'tusfürdő 250 ml Excite', 1, 2, 33),
(8710447276600, 'tusfürdő 250 ml Black', 1, 2, 33),
(8710447279793, 'tusfürdő 250 ml Africa', 1, 2, 33),
(8710447284094, 'tusfürdő Dark Temptation 400ml', 1, 2, 33),
(8710447284117, 'tusfürdő Black 400 ml', 1, 2, 33),
(8710447285428, 'deo 150 ml Leather & Coockies', 1, 1, 5),
(8710447289389, 'tusfürdő Anti Hangover 400 ml', 1, 2, 33),
(8710447290910, 'tusfürdő 250 ml Anti Hangover', 1, 2, 33),
(8710447292136, 'Light Care testápoló 400 ml', 3, 3, 24),
(8710447328095, 'Nature Elements fogkrém Kókusz 75 ml', 10, 42, 39),
(8710447399545, 'Tropical Lily & Ylang Ylang mosógél 40 mosás', 14, 4, 2),
(8710447400678, 'Tropical Lily & Ylang Ylang mosógél 60 mosás', 14, 4, 2),
(8710447400685, 'Lavender & Spring Rose mosógél 60 mosás', 14, 4, 2),
(8710447400722, 'Hawaiian Dream & Coconut mosógél 60 mosás', 14, 4, 2),
(8710447422991, 'folyékony krémszappan antibakteriális összetevővel teafaolaj 250 ml', 5, 2, 26),
(8710447423004, 'folyékony krémszappan utántöltő antibakteriális összetevővel teafaolaj 500 ml', 5, 2, 26),
(8710447462720, '2in1 sampon és balzsam kókuszolajjal száraz és töredezett hajra 400 ml', 5, 13, 41),
(8710447462737, '2in1 sampon és balzsam mandulaolajjal minden hajtípusra 400 ml', 5, 13, 41),
(8710447462744, 'könnymentes gyereksampon eper illat 400 ml', 5, 13, 41),
(8710447462768, 'sampon avokádóolajjal sérült és száraz hajra 400 ml', 5, 13, 41),
(8710447462775, 'sampon zöld tea kivonattal zsíros hajra 400 ml', 5, 13, 41),
(8710447462782, 'sampon gyógynövénykivonattal minden hajtípusra 400 ml', 5, 13, 41),
(8710447482179, 'folyékony krémszappan utántöltő Glowing Ritual 500 ml', 3, 2, 26),
(8710447485323, 'Petroleum Jelly kakaóvajjal 100 ml', 12, 3, 24),
(8710447497357, 'deo Ice Chill 150ml ', 1, 1, 5),
(8710522323007, 'Keratin Smooth sampon keratinnal gubancolódásra hajlamos hajra 400 ml', 11, 13, 41),
(8710522323021, 'Keratin Smooth hajbalzsam, keratinnal gubancolódásra hajlamos hajra, 400 ml', 11, 13, 41),
(8710522323120, 'Biotin Repair sampon károsodott hajra 400 ml', 11, 13, 41),
(8710522323144, 'Biotin Repair hajbalzsam károsodott hajra 400 ml', 11, 13, 20),
(8710522386491, 'Awakening Care kézkrém száraz bőrre matcha zöld tea és japán cseresznyevirág kivonattal 75 ml', 3, 3, 24),
(8710522394823, 'Sport Active + Fresh tusfürdő 250 ml', 7, 2, 33),
(8710522415702, 'Pro-Age kézkrém 75ml', 3, 3, 24),
(8710522417379, 'Nature Elements fogkrém Aktív szén 75 ml', 10, 42, 39),
(8710522712108, 'White Now fogkefe, White System Boost medium, 2db', 10, 42, 38),
(8710522935903, 'Volume Mousse volumennövelő hajhab 200ml', 11, 13, 36),
(8710522935910, 'HSA FLAWLVOLCLASS 400MLX6 UK/NO', 11, 13, 36),
(8710604754224, 'White Now fogkrém Detox Coconut 75 ml', 10, 42, 38),
(8710604754231, 'White Now fogkrém Detox Charcoal 75 ml', 10, 42, 38),
(8710847864919, 'izzadásgátló aeroszol Marine Fresh 150 ml', 16, 1, 5),
(8710847920431, 'ffi krém deo 45ml Max.pro ActSport', 16, 1, 35),
(8710847940781, 'Szárazsampon 250ml Volumen', 11, 13, 41),
(8710847953798, 'tusfürdő Bodza&Rózsavíz 400ml', 5, 2, 4),
(8710847962769, 'Summer Revived önbarnító hab világos-közepes árnyalatú bőrre 150 ml', 3, 3, 24),
(8710847962783, 'Summer Revived önbarnító hab közepes-sötét árnyalatú bőrre 150 ml', 3, 3, 24),
(8710847963469, 'Essential kézkrém száraz bőrre 75 ml', 3, 3, 24),
(8710847974427, 'Hydrate & Purify sampon zsírosodásra hajlamos hajra 400 ml', 11, 13, 41),
(8710847974441, 'Hydrate & Purify hajbalzsam zsírosodásra hajlamos hajra 400 ml', 11, 13, 20),
(8710908052040, 'dezodor Black Night 150 ml', 1, 1, 5),
(8710908176852, 'illatpárna Pink 3db', 2, 11, 10),
(8710908317828, 'Men + Care Cool Fresh tusfürdő 400 ml', 7, 2, 33),
(8710908324079, 'tusfürdő Cseresznye 400ml', 5, 2, 4),
(8710908675089, 'Extended Power sűrű fertőtlenítő hatású tisztítószer White&Shine 750ml', 4, 12, 13),
(8710908694134, 'hővédő spray 200 ml ', 11, 13, 36),
(8710908760716, 'izzadásgátló aeroszol Active Protection+Fresh 150ml', 9, 1, 3),
(8710908777004, 'Glowing Care testápoló 250ml', 3, 3, 24),
(8710908778230, 'Restoring Care testápoló kókuszolajjal és mandulatejjel 400 ml', 3, 3, 24),
(8710908778322, 'Restoring Care testápoló 250ml', 3, 3, 24),
(8710908828577, 'tusfürdő Magnólia illat 750ml', 5, 2, 4),
(8711600283039, 'konyhati tisztító spray zsíroldásra 750ml', 8, 12, 12),
(8711600283060, 'fürdőszobai tisztító spray vízkőoldásra 750ml', 8, 12, 12),
(8711600350212, 'izzadásgátló aeroszol Shower Fresh 150 ml', 9, 1, 3),
(8711600359659, 'tusfürdő Excite 400 ml', 1, 2, 33),
(8711600368804, 'Essential Care testápoló száraz bőrre 400 ml', 3, 3, 24),
(8711600390140, 'ffi tusfürdő Menta 750ml', 5, 2, 33),
(8711600453975, 'Intense Care testápoló nagyon száraz bőrre 400 ml', 3, 3, 24),
(8711600456877, 'Essential Care testápoló száraz bőrre 250 ml', 3, 3, 24),
(8711600504141, 'krém deo 45ml Max.pro Confidence', 9, 1, 21),
(8711600656437, 'tusfürdő Sport Blast 400ml', 1, 2, 33),
(8711600748934, 'tusfürdő Kakaóvaj 400ml', 5, 2, 4),
(8711600748965, 'habfürdő Kakaóvaj 750ml', 5, 2, 19),
(8711600831063, 'krém deo 45ml Max.pro Sensitive', 9, 1, 21),
(8711700677219, 'folyékony krémszappan utántöltő tej és gyümölcsillat 500 ml', 5, 2, 26),
(8711700927673, 'krémhabfürdő mandulakrémmel és hibiszkusszal 500 ml', 3, 2, 19),
(8712561021807, 'tusfürdő Zöldcitrom&Menta 400ml', 5, 2, 4),
(8712561021883, 'tusfürdő Zöldcitrom&Menta 750ml', 5, 2, 4),
(8712561122924, 'Anti Tartar fogkrém 75 ml', 10, 42, 37),
(8712561142342, 'Spray 750ml Cleanboost Zsíroldó', 6, 12, 12),
(8712561212144, 'Spray Univerzális Vízkőoldó 750ml', 6, 12, 12),
(8712561293082, 'Extended Power sűrű fertőtlenítő hatású tisztítószer Pine Fresh 1250ml', 4, 12, 13),
(8712561293518, 'Extended Power sűrű fertőtlenítő hatású tisztítószer Citrus Fresh 1250ml', 4, 12, 13),
(8712561316965, 'izzadásgátló aeroszol Invisible Aqua 150 ml', 9, 1, 3),
(8712561319171, 'izzadásgátló aeroszol Invisible Pure 150 ml', 9, 1, 3),
(8712561319409, 'izzadásgátló aeroszol Invisible B&W 150 ml', 9, 1, 3),
(8712561398893, 'ffi tusfürdő Vadsz.&gyömbér 2in1 400ml', 5, 2, 33),
(8712561399074, 'tusfürdő Sheavaj&Narancsvirág 400ml', 5, 2, 4),
(8712561399159, 'tusfürdő Sheavaj&Narancsvirág 750ml', 5, 2, 4),
(8712561399234, 'tusfürdő Gyöngyvirág&Viola 400ml', 5, 2, 4),
(8712561485524, 'Kézkrém 75ml Hand&Nail_c', 12, 3, 24),
(8712561521840, 'krém deo 45ml Max.pro StressControl', 9, 1, 21),
(8712561534444, 'izzadásgátló aeroszol Invisible B&W 150 ml', 16, 1, 5),
(8712561536684, 'krém deo 45ml Max.Pro SportStrength', 9, 1, 21),
(8712561552776, 'Cleanboost súrolókrém makacs szennyeződésekre Lemon 500ml', 6, 12, 17),
(8712561552905, 'Cleanboost súrolókrém makacs szennyeződésekre Original 500ml', 6, 12, 17),
(8712561552936, 'Cleanboost súrolókrém makacs szennyeződésekre Pink 500ml', 6, 12, 17),
(8712561553490, 'Cleanboost súrolókrém makacs szennyeződésekre Lila 500ml', 6, 12, 17),
(8712561561686, 'Cleanboost súrolókrém makacs szennyeződésekre Lemon 250ml', 6, 12, 17),
(8712561561877, 'Cleanboost súrolókrém makacs szennyeződésekre Original 250ml', 6, 12, 17),
(8712561614122, 'dezodor Black 150 ml', 1, 1, 5),
(8712561672511, 'testápoló aloe vera 400 ml', 5, 3, 24),
(8712561704502, 'testápoló intenzív 400ml', 5, 3, 24),
(8712561772983, 'tusfürdő Kakaóvaj 750ml', 5, 2, 4),
(8712561773072, 'tusfürdő Tengeri ásvány 750ml', 5, 2, 4),
(8712561937917, 'SensiSoft fogkefe Sensitive 1db', 10, 42, 39),
(8714100597347, 'Ajakápoló Aloe fémdobozos 20g', 12, 3, 22),
(8717163286975, 'Extended Power sűrű fertőtlenítő hatású tisztítószer Atlantic Fresh 750ml', 4, 12, 13),
(8717163287477, 'Otthon fertőtlenítő hatású folyékony tisztítószer 1L', 8, 12, 13),
(8717163287507, 'Otthon fertőtlenítő hatású folyékony tisztítószer Citrom illattal 1L', 8, 12, 13),
(8717163340561, 'izzadásgátló aeroszol Aloe Vera 150 ml', 9, 1, 3),
(8717163476789, 'Rich Nourishment hidratáló krém 150 ml', 3, 3, 24),
(8717163522103, 'Cleanboost súrolókrém makacs szennyeződésekre Lemon 750ml', 6, 12, 17),
(8717163573792, 'folyékony krémszappan utántöltő Nourishing Silk 500 ml', 3, 2, 26),
(8717163605776, 'folyékony krémszappan Nourishing Silk 250 ml', 3, 2, 26),
(8717163639573, 'Curl Mousse hajhab göndör hajra 200 ml ', 11, 13, 36),
(8717163648667, 'tusfürdő 400 ml Ice Chill', 1, 2, 33),
(8717163648681, 'tusfürdő 250 ml Ice Chill', 1, 2, 33),
(8717163673065, 'Pro-Age Testápoló 400ml', 3, 3, 24),
(8717163677704, 'deo Ice Breaker 150ml', 1, 1, 5),
(8717163680537, 'izzadásgátló aeroszol Blue Poppy&Apple 150 ml', 9, 1, 3),
(8717163680544, 'deo 150ml Blue Poppy&Apple', 9, 1, 3),
(8717163680568, 'izzadásgátló aeroszol White Flower&Lychee 150 ml', 9, 1, 3),
(8717163760192, 'Extended Power sűrű fertőtlenítő hatású tisztítószer Lavender 750ml', 4, 12, 13),
(8717163891438, '0% klóros konyhai fertőtlenítő spray 700ml', 8, 12, 12),
(8717163947685, 'tusfürdő Wild Pink Pepper 250ml', 1, 2, 33),
(8717163947708, 'tusfürdő Wild Green Mojito 250ml', 1, 2, 33),
(8717163947739, 'tusfürdő 400 ml Wild Green Mojito', 1, 2, 33),
(8717163983119, 'Fehérítő sűrű hatékony kézi- és gépi mosáshoz Zöld kert 750ml', 4, 12, 9),
(8717644013045, 'dezodor Africa 150 ml', 1, 1, 5),
(8717644075111, 'Brillance folyékony tisztítószer padlóra és mosható felületekre Ocean ', 6, 12, 6),
(8717644075265, 'Brillance folyékony tisztítószer padlóra és mosható felületekre Pink Orchid ', 6, 12, 6),
(8717644119938, 'habfürdő Lanolin 750ml', 5, 2, 19),
(8717644120224, 'habfürdő Kamilla&Méz 750ml', 5, 2, 19),
(8717644169490, 'ZÉRÓ WC vízkőoldó gél Lime fertőtlenítő hatással 750ml', 4, 12, 11),
(8717644192917, 'tusfürdő Lanolin 750ml', 5, 2, 4),
(8717644192948, 'tusfürdő Kamilla&Méz 750ml', 5, 2, 4),
(8717644277379, 'dezodor Dark Temptation 150ml', 1, 1, 5),
(8717644320426, 'izzadásgátló aeroszol Quantum Dry 150 ml', 16, 1, 5),
(8717644326671, 'izzadásgátló stift 50ml Dark Temptation', 1, 1, 35),
(8717644461068, 'White Now fogkrém 75 ml', 10, 42, 38),
(8717644485910, 'ffi tusfürdő Menta 2in1 400ml', 5, 2, 33),
(8717644566237, 'krém deo 45ml Max.pro Original', 3, 1, 21),
(8717644585337, 'izzadásgátló aeroszol Bright Bouquet 150 ml', 9, 1, 3),
(8717644966594, 'ffi tusf Tengeri ásvány 2in1 400ml', 5, 2, 33),
(8718114047928, 'fogkefe Anti-Plaque 2db ', 10, 42, 37),
(8718114198903, 'White Now fogkefe, White System medium, 1db', 10, 42, 38),
(8718114201641, 'Mario gyerek fogkefe single', 10, 42, 39),
(8718114202372, 'krém deo 45ml Max.pro Clean Scent', 9, 1, 21),
(8718114202402, 'ffi krém deo 45ml Max.Pro CleanScent', 16, 1, 35),
(8718114433950, 'univerzális fertőtlenítő tisztító spray 750ml', 4, 12, 12),
(8718114635729, 'ZÉRÓ WC vízkőoldó gél Blue fertőtlenítő hatással 750ml', 4, 12, 11),
(8718114650708, 'dezodor Excite 150 ml', 1, 1, 5),
(8720181012860, 'tusfürdő Tej&Gyümölcs 400ml', 5, 2, 4),
(8720181012884, 'habfürdő Tej&Gyümölcs 750ml', 5, 2, 19),
(8720181012891, 'tusfürdő Görögdinnye 400ml', 5, 2, 4),
(8720181012907, 'tusfürdő Aloe vera& Avokádó 400ml', 5, 2, 4),
(8720181015137, 'testápoló kakaóvaj 400 ml', 5, 3, 24),
(8720181015144, 'testápoló mélyhidratáló 400 ml', 5, 3, 24),
(8720181019388, 'Mosógél Color 28X 1.12L ', 2, 4, 1),
(8720181019425, 'Mosógél Color 45X 1.8L ', 2, 4, 1),
(8720181019432, 'Mosógél B17k 45X 1.8L', 2, 4, 1),
(8720181019449, 'Mosógél White 45X 1.8L ', 2, 4, 1),
(8720181027680, 'deo Wild Green Mojito 150ml', 1, 1, 5),
(8720181027697, 'dezodor Wild Mojito & Chedarwood 150 ml', 1, 1, 5),
(8720181028809, 'deo Wild Pink Pepper 150ml', 1, 1, 5),
(8720181032905, 'folyékony krémszappan kamilla 250 ml', 5, 2, 26),
(8720181032912, 'folyékony krémszappan utántöltő kamilla 500 ml', 5, 2, 26),
(8720181046940, 'testápoló kamilla 400 ml', 5, 3, 24),
(8720181047725, 'deo Black 250ml ', 1, 1, 5),
(8720181047749, 'deo Dark Temptation 250ml ', 1, 1, 5),
(8720181054242, 'folyékony krémszappan utántöltő Care&Protect 500 ml', 3, 2, 26),
(8720181058042, 'izzadásgátló deo Ice Chill 150ml ', 1, 1, 5),
(8720181061707, 'Original ajakbalzsam 10g', 12, 3, 22),
(8720181061714, 'Rosy ajakbalzsam 10g', 12, 3, 22),
(8720181074059, 'tusfürdő Antibakteriális 400ml', 5, 2, 4),
(8720181101922, 'izzadásgátló aeroszol Invisible Fresh Power 150 ml', 9, 1, 3),
(8720181101939, 'izzadásgátló aeroszol Invisible Fresh Power 150 ml', 16, 1, 5),
(8720181109201, 'folyékony krémszappan antibakteriális összetevővel lime és koriander 250 ml', 5, 2, 26),
(8720181109218, 'folyékony krémszappan utántöltő antibakteriális összetevővel lime és koriander 500 ml', 5, 2, 26),
(8720181121777, 'folyékony krémszappan utántöltő Deeply Nourishing 750 ml', 3, 2, 26),
(8720181123955, 'tusfürdő Re-Charge 400ml', 1, 2, 33),
(8720181128479, 'Mountain Fresh & Jasmine mosógél 40 mosás', 14, 4, 2),
(8720181128493, 'Mountain Fresh & Jasmine mosógél 60 mosás', 14, 4, 2),
(8720181144592, 'tusfürdő Bodza és rózsavíz 750ml', 5, 2, 4),
(8720181166372, 'tusfürdő Africa 700 ml', 1, 2, 33),
(8720181166389, 'tusfürdő Black 700 ml', 1, 2, 33),
(8720181168550, 'Mosógél Sensitive 43X1.72L', 2, 4, 1),
(8720181192128, 'deo 150 ml Epic Fresh', 1, 1, 5),
(8720181192166, 'deo Epic Fresh 250ml', 1, 1, 5),
(8720181196157, 'White Now fogkrém Sensitive 75 ml', 10, 42, 38),
(8720181204081, 'tusfürdő 250 ml Epic Fresh', 1, 2, 33),
(8720181204111, 'tusfürdő 400 ml Epic Fresh', 1, 2, 33),
(8720181209062, 'folyékony krémszappan utántöltő Renewing Care 500 ml', 3, 2, 26),
(8720181209550, 'tusfürdő Málna&Rózsafa 400ml', 5, 2, 4),
(8720181209567, 'tusfürdő Málna&Rózsafa 750ml', 5, 2, 4),
(8720181225451, 'tusfürdő Sensitive 400 ml', 7, 2, 33),
(8720181227004, 'folyékony szappan utántöltő antibakteriális összetevővel teafaolaj 750 ml ', 5, 2, 26),
(8720181231186, 'Keratin Smooth 1 perces hajpakolás 170 ml', 11, 13, 20),
(8720181231193, 'Biotin Repair 1 Perces Intenzív Hajpakolás töredezett hajra biotinnal 170 ml', 11, 13, 20),
(8720181238079, 'Biotin Repair hajpakolás károsodott hajra 440 ml ', 11, 13, 20),
(8720181238390, 'Keratin Smooth hajpakolás keratinnal gubancolódásra hajlamos hajra 440 ml ', 11, 13, 20),
(8720181239236, 'Sensisoft fogkefe Charcoal 2 db', 10, 42, 39),
(8720181239311, 'fogkefe Triple Action 4db', 10, 42, 37),
(8720181260506, 'Summer Revived önbarnító testápoló világos-normál bőrre 200 ml', 3, 3, 24),
(8720181260544, 'Summer Revived önbarnító testápoló normál-sötét bőrre 200 ml', 3, 3, 24),
(8720181262487, 'deo AI FRESH 150ml', 1, 1, 5),
(8720181275401, 'fogkefe SensiSoft Clean DUO', 10, 42, 39),
(8720181284335, 'Clean Comfort izzadságátló aeroszol 150ml', 7, 1, 5),
(8720181284373, 'Invisible Dry izzadságátló aeroszol 150ml', 7, 1, 5),
(8720181284397, 'Extra Fresh izzadságátló aeroszol 150ml', 7, 1, 5),
(8720181284458, 'Sport Fresh izzadságátló aeroszol 150ml', 7, 1, 5),
(8720181284892, 'Cool Fresh izzadságátló aeroszol 150ml', 7, 1, 5),
(8720181284922, 'Invisible Fresh izzadságátló aeroszol 150ml', 7, 1, 5),
(8720181284946, 'Clean Comfort izzadságátló aeroszol 200ml', 7, 1, 5),
(8720181284953, 'Invisible Dry izzadságátló aeroszol 200ml', 7, 1, 5),
(8720181291449, 'Calming Blossom izzadásgátló aeroszol 150 ml', 3, 1, 3),
(8720181291487, 'Nourishing Secrets kókusz és jázmin izzadásgátló aeroszol 150 ml', 3, 1, 3),
(8720181291494, 'Nourishing Secrets kókusz és jázmin izzadásgátló aeroszol 150 ml', 3, 1, 3),
(8720181291562, 'Invisible 20 izzadásgátló aeroszol 150 ml', 3, 1, 3),
(8720181291623, 'Invisible Dry izzadásgátló aeroszol 150 ml', 3, 1, 3),
(8720181291654, 'Nourishing Secrets Matcha & Shakura izzadásgátló aeroszol 150 ml', 3, 1, 3),
(8720181291715, 'Advanced Care Original izzadásgátló aeroszol 150 ml', 3, 1, 3),
(8720181291722, 'Go Fresh passiógyümölcs és citromfű izzadásgátló aeroszol 150 ml', 3, 1, 3),
(8720181291746, 'Go Fresh körte és aloe vera izzadásgátló aeroszol 150 ml', 3, 1, 3),
(8720181291814, 'Go Fresh Pomegranate izzadásgátló aeroszol 150 ml', 3, 1, 3),
(8720181291852, 'Soft Feel izzadásgátló aeroszol 150 ml', 3, 1, 3),
(8720181291876, 'Talco izzadásgátló aeroszol 150 ml', 3, 1, 3),
(8720181291890, 'Advanced Care Summer 20 izzadásgátló aeroszol 150 ml', 3, 1, 3),
(8720181291913, 'Advanced Care Winter 20 izzadásgátló aeroszol 150 ml', 3, 1, 3),
(8720181291951, 'Invisible Dry izzadásgátló aeroszol 200 ml', 3, 1, 3),
(8720181291999, 'Advanced Care Original izzadásgátló aeroszol 200 ml', 3, 1, 3),
(8720181292026, 'Go Fresh gránátalma izzadásgátló aeroszol 200 ml', 3, 1, 3),
(8720181292033, 'Go Fresh uborka és zöld tea izzadásgátló aeroszol 200 ml', 3, 1, 3),
(8720181302220, 'Original 0% deo aeroszol 150 ml', 3, 1, 3),
(8720181313417, 'tusfürdő Clean Comfort 250 ml', 7, 2, 33),
(8720181313424, 'tusfürdő Extra Fresh 400 ml', 7, 2, 33),
(8720181313431, 'Men + 20 Extra Fresh tusfürdő 250 ml', 7, 2, 33),
(8720181313448, 'tusfürdő Clean Comfort 400 ml', 7, 2, 33),
(8720181327155, 'White Now fogkrém Gold 75 ml', 10, 42, 38),
(8720181327162, 'White Now fogkrém Ice Cool 75 ml', 10, 42, 38),
(8720181327179, 'White Now fogkrém Superpure 75 ml', 10, 42, 38),
(8720181327186, 'White Now fogkrém Time Correct 75 ml', 10, 42, 38),
(8720181334719, 'Sexy Bouquet izzadásgátló aeroszol 200 ml', 9, 1, 3),
(8720181334726, 'izzadásgátló aeroszol Aloe Vera 200 ml', 9, 1, 3),
(8720181334740, 'Invisible B&W izzadásgátló aeroszol 200 ml', 9, 1, 3),
(8720181334757, 'izzadásgátló aeroszol Cobalt Dry 200 ml', 16, 1, 5),
(8720181338182, 'tusfürdő édesmandulla illat 400ml', 5, 2, 4),
(8720181338199, 'férfi tusfürdő hidratáló 2in1 400ml', 5, 2, 33),
(8720181338205, 'tusfürdő antibakteriális 750ml', 5, 2, 4),
(8720181338458, 'Perfect Finish inox spray rozsdamentes acél felületre 435ml', 6, 12, 12),
(8720181338489, 'Perfect Finish fürdőszobai vízkőoldó spray 435ml', 6, 12, 12),
(8720181338496, 'Perfect Finish sütő&grill spray zsíreltávolítás 435ml', 6, 12, 12),
(8720181339936, 'Go Fresh uborka és zöld tea izzadásgátló aeroszol 150 ml', 3, 1, 3),
(8720181343445, 'After Shave Africa 100ml', 1, 1, 23),
(8720181343469, 'After Shave Black 100ml', 1, 1, 23),
(8720181343476, 'After Shave Dark Temptation 100ml', 1, 1, 23),
(8720181343483, 'Aftershave 100 ml Ice Chill', 1, 1, 23),
(8720181345913, 'Power Fresh WC tisztító gél vízkő lerakódás ellen Lime Fresh Intenzív illattal 700ml', 4, 12, 11),
(8720181345920, 'Power Fresh WC tisztító gél vízkő lerakódás ellen Floral Fresh Intenzív illattal 700ml', 4, 12, 11),
(8720181345944, 'Protection klórmentes fertőtlenítés Eucalyptus & Wild Mint friss illattal 700ml', 4, 12, 11),
(8720181345951, 'Protection klórmentes fertőtlenítés Sea Breeze & Lavender friss illattal 700ml', 4, 12, 11),
(8720181348853, 'Lemon Fresh wipe 100db', 4, 12, 15),
(8720181349836, 'higiénikus törlőkendő Lemon fertőtlenítő 60db', 4, 12, 15),
(8720181349843, 'higiénikus törlőkendő Ocean 60db', 4, 12, 15),
(8720181350900, 'krémtusfürdő utántöltő lanolin 500 ml', 5, 2, 4),
(8720181375231, 'Men + Care tusfürdő 700 ml Clean Comfort', 7, 2, 33),
(8720181385995, 'Summer Revived önbarnító testápoló világos-közepes árnyalatú bőrre 75ml', 3, 3, 24),
(8720181386008, 'Summer Revived önbarnító testápoló közepes-sötét árnyalatú bőrre 75ml', 3, 3, 24),
(8720181387753, 'Botanitech fürdőszobai fertőtlenítő spray 700ml', 8, 12, 12),
(8720181392450, 'szappan jázmin 90g', 5, 2, 18),
(8720181392467, 'szappan 90g Lanolinos RRP', 5, 2, 18),
(8720181392474, 'szappan lanolin 4*90g', 5, 2, 18),
(8720181403347, 'Botanitech univerzális fertőtlenítő spray 700ml', 8, 12, 12),
(8720181405594, 'Night Renew testápoló 400ml ', 3, 3, 24),
(8720181408793, 'Botanitech univerzális fertőtlenítő padló- és felülettisztító 1000 ml', 8, NULL, NULL),
(8720181409059, 'Botanitech univerzális fertőtlenítő padló- és felülettisztító Levendula 1000ml', 8, 12, 16),
(8720181409639, 'öblítőkoncentrátum Honeysuckle&Sandalwood 925ml', 2, 11, 8),
(8720181409646, 'öblítőkoncentrátum Water Lily&Pink Grapefruit 925ml', 2, 11, 8),
(8720181409653, 'öblítőkoncentrátum Tiare Flower&Red Fruits 925ml', 2, 11, 8),
(8720181409660, 'öblítőkoncentrátum Purple Orchid&Blueberries 925ml', 2, 11, 8),
(8720181409677, 'öblítőkoncentrátum Passion Flower&Bergamot 925ml', 2, 11, 8),
(8720181409684, 'öblítőkoncentrátum Snapdragon&Patchouli 1275ml', 2, 11, 8),
(8720181409691, 'öblítőkoncentrátum Water Lily&Pink Grapefruit 1275ml', 2, 11, 8),
(8720181409707, 'öblítőkoncentrátum Honeysuckle&Sandalwood 1275ml', 2, 11, 8),
(8720181409714, 'öblítőkoncentrátum Purple Orchid&Blueberries 1275ml', 2, 11, 8),
(8720181409721, 'öblítőkoncentrátum Tiare Flower&Red Fruits 1275ml', 2, 11, 8),
(8720181409738, 'öblítőkoncentrátum Passion Flower&Bergamot 1275ml', 2, 11, 8),
(8720181410505, 'öblítőkoncentrátum Sensitive Almond 925ml', 2, 11, 8),
(8720181410512, 'öblítőkoncentrátum Orange Rush 975ml', 2, 11, 8),
(8720181410529, 'öblítőkoncentrátum Happy Yellow 975ml', 2, 11, 8),
(8720181410536, 'öblítőkoncentrátum Sensitive Pure 975ml', 2, 11, 8),
(8720181410543, 'öblítőkoncentrátum Blue Splash 975ml', 2, 11, 8),
(8720181410581, 'öblítőkoncentrátum Happy Yellow 1450ml', 2, 11, 8),
(8720181410604, 'öblítőkoncentrátum Sensitive Pure 1450ml', 2, 11, 8),
(8720181410611, 'öblítőkoncentrátum Blue Splash 1450ml', 2, 11, 8),
(8720181410628, 'öblítőkoncentrátum Sensitive Almond 1275ml', 2, 11, 8),
(8720181410642, 'öblítőkoncentrátum Silk Lily 1700ml', 2, 11, 8),
(8720181410659, 'öblítőkoncentrátum Orange Rush 1700ml', 2, 11, 8),
(8720181410666, 'öblítőkoncentrátum Happy Yellow 1700ml', 2, 11, 8),
(8720181410673, 'öblítőkoncentrátum Sensitive Pure 1700ml', 2, 11, 8),
(8720181410680, 'öblítőkoncentrátum Blue Splash 1700ml', 2, 11, 8),
(8720181414909, 'Ultimate 20 ultrakoncentrált öblítő Fresh Sky 870ml', 2, 11, 8),
(8720181414916, 'Ultimate 20 ultrakoncentrált öblítő Fuchsia Passion 870ml', 2, 11, 8),
(8720181414923, 'Ultimate 20 ultrakoncentrált öblítő Sensitive Pure 870ml', 2, 11, 8),
(8720181414930, 'Ultimate 20 ultrakoncentrált öblítő Coco Fantasy 870ml', 2, 11, 8),
(8720181415463, 'tusfürdő Dark Temptation 700ml', 1, 2, 33),
(8720181415678, 'izzadásgátló stift 50ml Africa', 1, 1, 35),
(8720181417580, 'Power5 WC frissítő blokk Pop Art Popping Magnolia Limitált kiadás 3x55g', 4, 12, 14),
(8720181417597, 'Power5 WC frissítő blokk Pop Art Iconic Lime Limitált kiadás 3x55g', 4, 12, 14),
(8720181433573, 'Eucalyptus&Mint izzadságátló aeroszol 150ml', 7, 1, 5),
(8720181436734, 'deo Jungle fresh 150ml', 1, 1, 5),
(8720181437243, 'WS fogkrém Extra Fresh Intense 75ml', 10, 42, 39),
(8720181437373, 'izzadásgátló stift 50ml Jungle Fresh', 1, 1, 35),
(8720181442896, 'tusfürdő Jungle Fresh 250 ml', 1, 2, 33),
(8720181442902, 'tusfürdő Jungle Fresh 400ml', 1, 2, 33),
(8720181443572, 'Go Fresh Peach & White Blossom izzadásgátló aeroszol 150 ml', 3, 1, 3),
(8720181444630, 'Men + 20 Eukaliptusz és mentol tusfürdő 250 ml', 7, 2, 33),
(8720181444678, 'Men + 20 Eukaliptusz és mentol tusfürdő 400 ml', 7, 2, 33),
(8720181446023, 'Keratin Smooth sampon gubancolódásra hajlamos hajra 685 ml', 11, 13, 41),
(8720181446054, 'Biotin Repair sampon károsodott hajra 685 ml', 11, 13, 41),
(8720181446092, 'Hydrate & Purify sampon zsírosodásra hajlamos hajra 685 ml', 11, 13, 41),
(8720181446788, 'Rich Moisture sampon száraz és élettelen hajra 400 ml', 11, 13, 41),
(8720181446801, 'Replenish & Cleanse sampon zsírosodásra hajlamos hajra 400 ml', 11, 13, 41),
(8720181446818, 'Flawless Waves sampon hullámos/göndör hajra 400 ml', 11, 13, 41),
(8720181446849, 'Revitalize Colour sampon hibiszkusszal és UV filterrel festett hajra 400ml', 11, 13, 41),
(8720181446863, '24H Volume sampon vékonyszálú hajra 400 ml', 11, 13, 41),
(8720181449185, 'Rich Moisture hajbalzsam száraz és élettelen hajra 400ml', 11, 13, 20),
(8720181449208, 'Replenish & Cleanse hajbalzsam zsírosodásra hajlamos hajra 400 ml', 11, 13, 20),
(8720181449222, 'Flawless Waves hajbalzsam hullámos/göndör hajra 400 ml', 11, 13, 20),
(8720181449246, 'revitalize Colour hajbalzsam hibiszkusszal és UV filterrel festett hajra 400 ml', 11, 13, 20),
(8720181449260, '24H Volume hajbalzsam vékonyszálú hajra 400 ml', 11, 13, 20),
(8720181449840, 'Advanced Protection izzadásgátló aeroszol Shower Fresh 150 ml', 9, 1, 3),
(8720181449857, 'Advanced Protection izzadásgátló aeroszol Cobalt Dry 150 ml', 16, 1, 5),
(8720181449864, 'Advanced Protection Quantum Dry izzadásgátló aeroszol 150 ml', 16, 1, 5),
(8720181449871, 'Advanced Protection izzadásgátló aeroszol Invisible B&W 150 ml', 16, 1, 5),
(8720181449888, 'Advanced Protection Sport Cool izzadásgátló aeroszol 150 ml', 16, 1, 5),
(8720181450396, 'Advanced Protection izzadásgátló aeroszol Bright Bouquet 150 ml', 9, 1, 3),
(8720181450402, 'Advanced Protection izzadásgátló aeroszol Aloe Vera 150 ml', 9, 1, 3),
(8720181450419, 'Advanced Protection Invisible Black&White izzadásgátló aeroszol 150 ml', 9, 1, 3),
(8720181450426, 'Advanced Protection izzadásgátló aeroszol Invisible Pure 150 ml', 9, 1, 3),
(8720181450440, 'Advanced Protection Invisible Aqua izzadásgátló aeroszol 150 ml', 9, 1, 3),
(8720181457425, 'Advanced Care Krémtusfürdő Deeply Nourishing 400ml', 3, 2, 4),
(8720181457449, 'Advanced Care Krémtusfürdő Nourishing Silk 400ml', 3, 2, 4),
(8720181457463, 'Advanced Care Krémtusfürdő Nourishing Silk 225ml', 3, 2, 4),
(8720181457494, 'Advanced Care Krémtusfürdő Deeply Nourishing 225ml', 3, 2, 4),
(8720181459948, 'Advanced Care Krémtusfürdő Anti-Stress 225ml', 3, 2, 4),
(8720181459979, 'Advanced Care Krémtusfürdő Anti-Stress 400ml', 3, 2, 4),
(8720181460098, 'Advanced Care Krémtusfürdő Reviving 225ml', 3, 2, 4),
(8720181464171, 'nyugtató tusfürdő levendula és vanília illat 400 ml', 5, 2, 4),
(8720181464188, 'nyugtató tusfürdő levendula és vanília illat 750 ml', 5, 2, 4),
(8720181464195, 'ffi tusfürdő Vadsz.&gyömbér 2in1 750ml', 5, 2, 33),
(8720181464201, 'krémhabfürdő málna és rózsafa illat 750 ml', 5, 2, 19),
(8720181465840, 'Advanced Care Krémtusfürdő Glowing 400ml', 3, 2, 4),
(8720181465857, 'Advanced Care Krémtusfürdő Glowing 225ml', 3, 2, 4),
(8720181466465, 'Krémtusfürdő Hydrate 720ml', 3, 2, 4),
(8720181466489, 'Krémtusfürdő Hydrate 250ml', 3, 2, 4),
(8720181466502, 'Krémtusfürdő Hydrate 450ml', 3, 2, 4),
(8720181468360, 'Krémtusfürdő Fruity Nourish 720ml', 3, 2, 4),
(8720181468407, 'Krémtusfürdő Fruity Nourish 450ml', 3, 2, 4),
(8720181468414, 'Krémtusfürdő Fruity Nourish 250ml', 3, 2, 4),
(8720181468438, 'Krémtusfürdő Silky Velvet 450ml', 3, 2, 4),
(8720181468469, 'Krémtusfürdő Silky Velvet 720ml', 3, 2, 4),
(8720181468513, 'Krémtusfürdő Silky Velvet 250ml', 3, 2, 4),
(8720181471551, 'Krémtusfürdő Gentle Pamper 250ml', 3, 2, 4),
(8720181471568, 'Krémtusfürdő Petal Soft 250ml', 3, 2, 4),
(8720181471575, 'Krémtusfürdő Petal Soft 720ml', 3, 2, 4),
(8720181471599, 'Krémtusfürdő Petal Soft 450ml', 3, 2, 4),
(8720181471681, 'Krémtusfürdő Gentle Pamper 720ml', 3, 2, 4),
(8720181471711, 'Krémtusfürdő Fresh 20 720ml', 3, 2, 4),
(8720181471728, 'Krémtusfürdő Gentle Pamper 450ml', 3, 2, 4),
(8720181471742, 'Krémtusfürdő Fresh 20 450ml', 3, 2, 4),
(8720181471759, 'Krémtusfürdő Fresh 20 250ml', 3, 2, 4),
(8720181472626, 'White System Aktív szén 75 ml', 10, 42, 39),
(8720181477560, 'Advanced Care Krémtusfürdő Nourishing 20 225ml', 3, 2, 4),
(8720181477577, 'Advanced Care Krémtusfürdő Nourishing 20 400ml', 3, 2, 4),
(8720181479311, 'Advanced Care Krémtusfürdő Gentle Scrub 225ml', 3, 2, 4),
(8720181481079, 'krémszappan 4x90g Nourishing', 3, 2, 18),
(8720181481239, 'krémszappan 2x90g Beauty Cream', 3, 2, 18),
(8720181481529, 'krémszappan 4x90g Beauty Cream', 3, 2, 18),
(8720181494253, 'krémhabfürdő 450ml Awakening Bath', 3, 2, 19),
(8720181494307, 'krémhabfürdő 450ml Indulging Bath', 3, 2, 19),
(8720181501821, 'Kids fogkrém Epres 75 ml', 10, 42, 39),
(8720181501838, 'Kids fogkrém Gyümölcsös 75 ml', 10, 42, 39),
(8720181501845, 'Junior fogkrém Mentás 75 ml', 10, 42, 39),
(8720181507281, 'Advanced Care Krémtusfürdő Summer LE 225ml', 3, 2, 4),
(8720181512841, 'Mosókapszula Color 15db', 2, 4, 7),
(8720181512858, 'Mosókapszula B17k 26db', 2, 4, 7),
(8720181512865, 'Mosókapszula Color 26db', 2, 4, 7),
(8720181512872, 'Mosókapszula B17k 40db', 2, 4, 7),
(8720181512889, 'Mosókapszula Color 40db', 2, 4, 7),
(8720181513114, 'Fresh & Soft Blue Splash öblítőkoncentrátum 68 mosás 2 x 1700 ml', 2, 11, 2),
(8720181518942, 'Lamellar Shine hajpakolás 440ml', 11, 13, 20),
(8720181538988, 'Lamellar Shine sampon a fényes hajért 400 ml ', 11, 13, 41),
(8720181538995, 'Lamellar Shine hajbalzsam a fényes hajért 400 ml ', 11, 13, 20),
(8720181539183, 'Lamellar Shine Hajvégápoló olaj a fényes hajért 75 ml ', 11, 13, 20),
(8720181539404, 'Lamellar Shine kiöblítést nem igénylő hajszérum a fényes hajért 200ml', 11, 13, 36),
(8720181548840, 'Mosógél Sensitive 63X 2.52L', 2, 4, 1),
(8720181548857, 'Mosógél Color 68X 2.72L', 2, 4, 1),
(8720181548864, 'Mosógél White 68X 2.72L', 2, 4, 1),
(8720181548871, 'Mosógél B17k 68X 2.72L', 2, 4, 1),
(8720181555602, 'Fine Fragrance Collection Blue Lavender + Mint & Amber Scent dezodor 150 ml', 1, 1, 5),
(8720181555640, 'Fine Fragrance Collection Cherry Fizz + Red Apple & Amber Scent dezodor 150 ml', 1, 1, 5),
(8720181558283, 'Advanced Protection izzadásgátló aeroszol Cotton Dry 150 ml', 9, 1, 3),
(8720181558290, 'Advanced Protection izzadásgátló aeroszol Invisible Ice Fresh 150 ml', 16, 1, 5),
(8720181564116, 'izzadásgátló aeroszol Pink Blush 150 ml', 9, 1, 3),
(8720181565830, 'Go Fresh Dragon Fruit és Kókusz izzadásgátló aeroszol 150 ml', 3, 1, 3),
(8720181565847, 'Go Fresh sárkánygyümölcs és kókusz izzadásgátló aeroszol 200 ml', 3, 1, 3),
(8720181570070, 'Sandalwood izzadságátló aeroszol 150ml', 7, 1, 5),
(8720181573552, 'tusfürdő Sandalwood 250 ml', 7, 2, 33),
(8720181573576, 'tusfürdő Sandalwood 400 ml', 7, 2, 33),
(8720181584282, 'izzadásgátló aeroszol Invisible B&W 200 ml', 16, 1, 5),
(8720181590863, 'dezodor Sunset Fresh 150 ml', 1, 1, 5),
(8720181594847, 'Rich Moisture kiöblítés nem igénylő hajszérum 200 ml', 11, 13, 36),
(8720181594854, 'Biotin Repair kiöblítés nem igénylő hajszérum 200 ml', 11, 13, 36),
(8720181594861, 'Flawless Curls kiöblítés nem igénylő hajszérum 200 ml', 11, 13, 36),
(8720181598609, 'tusfürdő Sunset Fresh 250ml', 1, 2, 33),
(8720181598616, 'tusfürdő Sunset Fresh 400ml', 1, 2, 33),
(8720181603976, 'Keratin Smooth hajvégápoló olaj keratinnal a gubancolódásra hajlamos hajra 75 ml', 11, 13, 20),
(8720181608261, 'Advanced Care Krémtusfürdő Replenishing 225ml', 3, 2, 4),
(8720181608315, 'krémtusfürdő Replenishing 400 ml', 3, 2, 4),
(8720181608391, 'krémtusfürdő Creamy Indulge 450 ml', 3, 2, 4),
(8720181608414, 'krémtusfürdő Creamy Indulge 720ml', 3, 2, 4),
(8720181619861, 'öblítőkoncentrátum Sensitive Pure 3000ml', 2, 11, 8),
(8720181619892, 'öblítőkoncentrátum Blue Splash 3000ml', 2, 11, 8),
(8720181619908, 'öblítőkoncentrátum Happy Yellow 3000ml', 2, 11, 8),
(8720181621475, 'Extended Power sűrű fertőtlenítő hatású tisztítószer Original 750ml', 4, 12, 13),
(8720181624353, 'Heat Defence hővédő spray minden hajtípusra 270 ml', 11, 13, 36),
(8720181631726, 'Rich Moisture 1 perces hajpakolás 170 ml', 11, 13, 20),
(8720181637957, 'Gyümölcsöskert tusfürdő bogyósgyümölcs illat 400ml', 5, 2, 4),
(8720181637964, 'férfi tusfürdő érzékeny bőrre 3in1 400ml', 5, 2, 33),
(8720181637971, 'Gyümölcsöskert tusfürdő bogyósgyümölcs illat 750ml', 5, 2, 4),
(8720181674174, 'nedves illatosító kendő szárítógépbe Blue 20db', 2, 11, 10),
(8720181676406, 'Wonder Wash Mosógél Gyors mosáshoz Speed Clean 37X 1.48L', 2, 4, 1),
(8720181676413, 'Wonder Wash Mosógél Gyors mosáshoz Ultra 20 37X 1.48L', 2, 4, 1),
(8720181676420, 'Wonder Wash Mosógél Gyors mosáshoz Odor Defence 37X 1.48L', 2, 4, 1),
(8720181680403, 'illatfokozó mosóparfüm Heavenly Fresh 460ml', 2, 11, 10),
(8720181680410, 'illatfokozó mosóparfüm First Blooms 460ml', 2, 11, 10),
(8720181680427, 'illatfokozó mosóparfüm Summer Bouquet 460ml', 2, 11, 10),
(8720181696978, 'fogkrém 75ml White Now 3in1 Original', 10, 42, 38),
(8720181697029, 'fogkrém 75ml White Now 3in1 White Boost', 10, 42, 38),
(8720181698088, 'fogkrém 75ml White Now 3in1 Forever Young', 10, 42, 38),
(8720181698101, 'fogkrém 75ml White Now 3in1 Fresh Kiss', 10, 42, 38),
(8720181698125, 'fogkrém 75ml White Now 3in1 Hello Glow', 10, 42, 38),
(8720181711626, 'Brillance folyékony tisztítószer, padlóra és mosható felületekre, Ocean, 1.1L', 6, 12, 6),
(8720181721335, 'Power Foam WC és fürdőszoba tisztító hab, Limescale Remover, 435 ml', 4, 12, 12),
(8720181730092, 'Power5 WC-rúd Arctic fresh 3x50g', 4, 12, 14),
(8720181750403, 'tusfürdő Dark Temptation 900ml', 1, 2, 33),
(8720181750410, 'tusfürdő Black 900ml', 1, 2, 33),
(8720182258137, 'krémszappan 90g Relaxing', 3, 2, 18),
(8720182258397, 'krémszappan 90g Nourishing', 3, 2, 18),
(8720182258830, 'krémszappan 90g Gentle Exfoliating', 3, 2, 18),
(8720182259332, 'krémszappan 90g Refreshing', 3, 2, 18),
(8720182259813, 'krémszappan 90g Pink', 3, 2, 18),
(8720182260437, 'Glow and Shine testápoló 250 ml', 3, 3, 24),
(8720182262417, 'krémszappan Pampering 90 g', 3, 2, 18),
(8720182264664, 'krémszappan 90g Beauty Cream', 3, 2, 18),
(8720182788474, '3in1 WC frissítő blokk Ocean kosaras 35g', 4, 12, 14),
(8720182788504, '3in1 WC frissítő blokk Ocean kosaras 2x35g', 4, 12, 14),
(8720182796400, 'Power Foam WC és fürdőszoba tisztító hab Arctic Fresh 435 ml', 4, 12, 12),
(8720182796417, 'Power Foam WC és fürdőszoba tisztító hab Citrus Blast 435 ml', 4, 12, 12),
(8720182796424, 'Power Foam WC és fürdőszoba tisztító hab Floral Fresh 435 ml', 4, 12, 12),
(8720182831385, 'Power5 WC frissítő blokk Time Travel Pink Groove Limitált kiadás 3x55g', 4, 12, 14),
(8720182848390, '3in1 Multipurpose spray Levendula & Kékpáfrány 500ml', 6, 12, 12),
(8720182898692, 'ZÉRÓ WC vízkőoldó gél Pink fertőtlenítő hatással 750ml', 4, 12, 11),
(8720182903143, 'Power5 WC-rúd 3x50g Lime', 4, 12, 14),
(8720182903150, 'Power5 WC-rúd 2x50g Lavender', 4, 12, 14),
(8720182903167, 'Power5 WC-rúd 3x50g Ocean', 4, 12, 14),
(8720182903174, 'Power5 WC-rúd 2x50g Lime', 4, 12, 14),
(8720182903181, 'Power5 WC-rúd 2x50g Ocean', 4, 12, 14),
(8720182903235, 'Aroma Lux WC-rúd 3x50g Hibiscus', 4, 12, 14),
(8720182903266, 'Power5 WC-rúd 2x50g Magnolia', 4, 12, 14),
(8720182903846, 'Aroma Lux WC-rúd 3x50g Dahlia', 4, 12, 14),
(8720182903853, 'Aroma Lux WC-rúd 2x50g Dahlia', 4, 12, 14),
(8720182903877, 'Power5 WC-rúd 3x50g Magnolia', 4, 12, 14),
(8720182903884, 'Aroma Lux WC-rúd 3x50g White R.', 4, 12, 14),
(8720182903952, 'Aroma Lux WC-rúd 2x50g White R.', 4, 12, 14),
(8720182903969, 'Aroma Lux WC-rúd 2x50g Hibiscus', 4, 12, 14),
(8720182905017, 'Power5 WC-rúd 50g Ocean', 4, 12, 14),
(8720182905024, 'Power5 WC frissítő blokk Lime 55g', 4, 12, 14),
(8720182911452, 'Blue Water WC-rúd 2x48g Ocean', 4, 12, 14),
(8720182911469, 'Blue Water WC-rúd 2x48g Magnoli', 4, 12, 14),
(8720182911513, 'Power5 WC-rúd 2x50g Mag.Unicorn', 4, 12, 14),
(8720182911568, 'Power5 WC-rúd Magic Unicornis 3x50g', 4, 12, 14),
(8720182917539, 'Power5 WC-rúd Magic Unicornis 5x50g', 4, 12, 14),
(8720182924384, 'Power5 WC-rúd 6x50g Ocean/Lime', 4, 12, 14),
(8720182924407, 'Power5 WC-rúd 6x50g Magno/Laven', 4, 12, 14),
(8720182924414, 'Power5 WC-rúd 6x50g Ocean', 4, 12, 14),
(8720182924421, 'Power5 WC-rúd 6x50g Lime', 4, 12, 14),
(8720182926081, 'Power5 WC-rúd 3x50g Lavender', 4, 12, 14),
(8720182931412, 'Coccolino Sensitive Öblítő és Mosószer csomag', 2, 4, 2),
(8721201980190, 'Extended Power sűrű fertőtlenítő hatású tisztítószer Pink Fresh 1250ml', 4, 12, 13),
(8721317739330, 'Lot Dewy Radiance 200ml x6 ECOM', 12, 3, 24),
(8721317739354, 'Lot Flawless Glow 200ml x6 ECOM', 12, 3, 24),
(8721317739378, 'Lot Overnight Rad 200ml x6 ECOM', 12, 3, 24);

-- --------------------------------------------------------

--
-- Table structure for table `product_flags`
--

CREATE TABLE `product_flags` (
  `ean` bigint(20) NOT NULL,
  `flag` varchar(50) NOT NULL
) ENGINE=InnoDB DEFAULT CHARSET=utf8mb4 COLLATE=utf8mb4_general_ci;

-- --------------------------------------------------------

--
-- Table structure for table `shops`
--

CREATE TABLE `shops` (
  `id` int(11) NOT NULL,
  `name` varchar(100) NOT NULL,
  `base_url` text DEFAULT NULL
) ENGINE=InnoDB DEFAULT CHARSET=utf8mb4 COLLATE=utf8mb4_general_ci;

--
-- Dumping data for table `shops`
--

INSERT INTO `shops` (`id`, `name`, `base_url`) VALUES
(1, 'Rossmann', 'https://shop.rossmann.hu'),
(2, 'DM', 'https://www.dm.hu'),
(3, 'Kifli', 'https://www.kifli.hu'),
(4, 'Pepita', 'https://pepita.hu'),
(5, 'Alza', 'https://www.alza.hu');

-- --------------------------------------------------------

--
-- Table structure for table `subcategories`
--

CREATE TABLE `subcategories` (
  `id` int(11) NOT NULL,
  `name` varchar(100) NOT NULL
) ENGINE=InnoDB DEFAULT CHARSET=utf8mb4 COLLATE=utf8mb4_general_ci;

--
-- Dumping data for table `subcategories`
--

INSERT INTO `subcategories` (`id`, `name`) VALUES
(3, 'Aerosol Female'),
(5, 'Aerosol male'),
(18, 'Bar Soap'),
(19, 'Bath Foam'),
(6, 'Brilliance'),
(7, 'Capsules'),
(20, 'Care'),
(8, 'Concentrate'),
(21, 'Cream Stick Female'),
(22, 'Face care'),
(2, 'Gel'),
(16, 'General Purpose Cleaner'),
(23, 'Grooming'),
(24, 'Hand & Body'),
(25, 'Intimate Soap'),
(17, 'LAC'),
(9, 'Laundry Bleach'),
(1, 'Liquid'),
(26, 'Liquid Soap'),
(42, 'Oral care'),
(10, 'Other FCO'),
(11, 'Premium Toilet Cleaner'),
(27, 'Roll-on Female'),
(28, 'Roll-on Male'),
(41, 'Shampoo'),
(4, 'Shower Gel Female'),
(33, 'Shower Gel Male'),
(12, 'Sprays'),
(34, 'Stick Female'),
(35, 'Stick Male'),
(36, 'Styling'),
(39, 'TB Medium'),
(13, 'Thick Bleach'),
(37, 'TP Low'),
(38, 'TP Premium'),
(14, 'WC Block'),
(15, 'Wipes');

-- --------------------------------------------------------

--
-- Table structure for table `urls`
--

CREATE TABLE `urls` (
  `ean` bigint(20) NOT NULL,
  `shop_id` int(11) NOT NULL,
  `url` text NOT NULL,
  `live` tinyint(1) NOT NULL DEFAULT 1
) ENGINE=InnoDB DEFAULT CHARSET=utf8mb4 COLLATE=utf8mb4_general_ci;

--
-- Dumping data for table `urls`
--

INSERT INTO `urls` (`ean`, `shop_id`, `url`, `live`) VALUES
(42182627, 3, 'https://www.kifli.hu/98296-vaseline-tegelyes-vazelin-krem', 1),
(42182634, 3, 'https://www.kifli.hu/98295-vaseline-tegelyes-vazelin-krem', 1),
(59002161, 3, 'https://www.kifli.hu/106656-axe-fine-fragrance-collection-stift-blue-lavender', 1),
(59002192, 3, 'https://www.kifli.hu/106654-axe-fine-fragrance-collection-dezodor-cherry-fizz', 1),
(59002222, 3, 'https://www.kifli.hu/108314-rexona-izzadasgatlo-stift-bright-bouquet', 1),
(59004660, 3, 'https://www.kifli.hu/106655-axe-fine-fragrance-collection-stift-black-vanilla', 1),
(59004783, 3, 'https://www.kifli.hu/92155-rexona-stift-aloe-vera', 1),
(59086789, 3, 'https://www.kifli.hu/84561', 1),
(59086802, 3, 'https://www.kifli.hu/84562-axe-ice-chill-dezodor-stift', 1),
(59092674, 3, 'https://www.kifli.hu/73131-dove-go-fresh-acai-bogyo-vizililiom-illatu-golyos-izzadasgatlo', 1),
(59095859, 3, 'https://www.kifli.hu/17413-dove-original-izzadasgatlo', 1),
(59099505, 3, 'https://www.kifli.hu/108312-dove-go-fresh-dragon-fruit-es-kokusz-izzadasgatlo-roll-on', 1),
(59099611, 3, 'https://www.kifli.hu/17416-dove-advanced-care-original-izzadasgatlo-stift', 1),
(59099710, 3, 'https://www.kifli.hu/17401-dove-men-care-clean-comfort-izzadasgatlo-stift', 1),
(59099734, 3, 'https://www.kifli.hu/105198-dove-men-care-invisible-dry-stift', 1),
(73103714, 3, 'https://www.kifli.hu/17476-rexona-men-cobalt-dry-izzadasgatlo-stift', 1),
(96086230, 3, 'https://www.kifli.hu/17458-rexona-stift-invisible-black-white', 1),
(4000388176904, 3, 'https://www.kifli.hu/9592-dove-caring-bath-kenyezteto-kremhabfuerdo', 1),
(4000388177000, 3, 'https://www.kifli.hu/9514-dove-szepsegapolo-folyekony-kremszappan', 1),
(5012254068151, 3, 'https://www.kifli.hu/57326-tresemme-extra-hold-eros-tartast-ado-hajlakk', 1),
(5900300056002, 3, 'https://www.kifli.hu/8881-signal-family-herbal-fresh-fogkrem', 1),
(5900300856794, 3, 'https://www.kifli.hu/8884-signal-family-daily-white-fogkrem', 1),
(5996037079544, 3, 'https://www.kifli.hu/97771-domestos-extended-power-suru-fertotlenito-hatasu-tisztitoszer-pine-fresh', 1),
(5996037079780, 3, 'https://www.kifli.hu/9652-domestos-extended-power-citrus-fresh-suru-fertotlenito-hatasu-folyekony-tisztitoszer', 1),
(5996037079797, 3, 'https://www.kifli.hu/9649-domestos-extended-power-fertotlenito-hatasu-folyekony-tisztitoszer-pine-fresh', 1),
(5996037081394, 3, 'https://www.kifli.hu/9949-baba-lanolin-kremtusfuerdo', 1),
(5996358010714, 3, 'https://www.kifli.hu/90639-domestos-extended-power-fertotlenito-hatasu-folyekony-tisztitoszer-pink', 1),
(5996358011865, 3, 'https://www.kifli.hu/9967-baba-kamilla-es-mez-kremtusfuerdo', 1),
(8000660310282, 3, 'https://www.kifli.hu/83135-coccolino-kek-illatparna-kek', 1),
(8000660310466, 3, 'https://www.kifli.hu/83134-coccolino-vaporesse-vasalofolyadek', 1),
(8594005390225, 3, 'https://www.kifli.hu/8770-szavo-penesz-elleni-szer', 1),
(8594005396746, 3, 'https://www.kifli.hu/90649-szavo-penesz-elleni-szer-fuerdo', 1),
(8710447276600, 3, 'https://www.kifli.hu/9994-axe-black-3-in-1-tusfuerdo-testre-arcra-hajra', 1),
(8710447284094, 3, 'https://www.kifli.hu/9988-axe-dark-temptation-tusfuerdo', 1),
(8710447284117, 3, 'https://www.kifli.hu/9997-axe-black-fresh-charge-tusfuerdo', 1),
(8710447328095, 3, 'https://www.kifli.hu/8872-signal-long-active-nature-elements-coco-white-fogkrem', 1),
(8710447422991, 3, 'https://www.kifli.hu/9976-baba-folyekony-szappan-antibakterialis-hatasu-teafaolajjal', 1),
(8710447423004, 3, 'https://www.kifli.hu/9973-baba-folyekony-szappan-utantoelto-antibakterialis-hatasu-teafaolajjal', 1),
(8710447462720, 3, 'https://www.kifli.hu/9982-baba-2in1-sampon-es-balzsam-szaraz-es-toeredezett-hajra-kokuszolajjal', 1),
(8710447462737, 3, 'https://www.kifli.hu/9985-baba-2in1-sampon-es-balzsam-minden-hajtipusra-mandulaolajjal', 1),
(8710447462768, 3, 'https://www.kifli.hu/108306-baba-sampon-avokadoolajjal-seruelt-es-szaraz-hajra', 1),
(8710447462775, 3, 'https://www.kifli.hu/9934-baba-sampon-zsiros-hajra-zoeldtea-kivonattal', 1),
(8710447482179, 3, 'https://www.kifli.hu/57809-dove-nourishing-secrets-glowing-ritual-folyekony-szappan-utantoelto', 1),
(8710447485323, 3, 'https://www.kifli.hu/108320-vaseline-petroleum-jelly-kakaovajjal', 1),
(8710447497357, 3, 'https://www.kifli.hu/17350-axe-ice-chill-dezodor', 1),
(8710522323007, 3, 'https://www.kifli.hu/57323-tresemme-keratin-smooth-sampon', 1),
(8710522323120, 3, 'https://www.kifli.hu/57320-tresemme-biotin-repair-7-sampon-karosodott-hajra', 1),
(8710522323144, 3, 'https://www.kifli.hu/57341-tresemme-biotin-repair-7-hajbalzsam-karosodott-hajra', 1),
(8710522417379, 3, 'https://www.kifli.hu/13201-signal-long-active-nature-elements-charcoal-white-detox-fogkrem', 1),
(8710847940781, 3, 'https://www.kifli.hu/73134-tresemme-volumennoevelo-szaraz-sampon', 1),
(8710847962769, 3, 'https://www.kifli.hu/109287-dove-summer-revived-oenbarnito-hab-vilagos-koezepes-arnyalatu-borre', 1),
(8710847962783, 3, 'https://www.kifli.hu/109286-dove-summer-revived-oenbarnito-hab-koezepes-soetet-arnyalatu-borre', 1),
(8710847974427, 3, 'https://www.kifli.hu/74516-tresemme-purify-hydrate-sampon-zsiros-hajra', 1),
(8710847974441, 3, 'https://www.kifli.hu/74517-tresemme-purify-hydrate-hajbalzsam-zsiros-hajra', 1),
(8710908176852, 3, 'https://www.kifli.hu/60422-coccolino-pink-illatparna', 1),
(8710908675089, 3, 'https://www.kifli.hu/36250-domestos-extended-power-fertotlenito-hatasu-folyekony-tisztitoszer-white-shine', 1),
(8710908828577, 3, 'https://www.kifli.hu/87169-baba-tusfuerdo-magnolia-illat', 1),
(8711600283039, 3, 'https://www.kifli.hu/9496-floraszept-konyhai-zsiroldo-750-ml', 1),
(8711600283060, 3, 'https://www.kifli.hu/9499-floraszept-fuerdoszobai-tisztitoszer-750-ml', 1),
(8711600350212, 3, 'https://www.kifli.hu/17506-rexona-shower-fresh-deo', 1),
(8711600359659, 3, 'https://www.kifli.hu/83164-axe-excite-tusfuerdo', 1),
(8711600368804, 3, 'https://www.kifli.hu/108309-dove-essential-care-testapolo-szaraz-borre', 1),
(8711600390140, 3, 'https://www.kifli.hu/9940-baba-menta-ferfi-tusfuerdo-750-ml', 1),
(8711600504141, 3, 'https://www.kifli.hu/108321-rexona-krem-deo-max-pro-confidence', 1),
(8711600748934, 3, 'https://www.kifli.hu/10000-baba-tusfuerdo-kakaovaj', 1),
(8711600748965, 3, 'https://www.kifli.hu/92392-baba-kremhabfuerdo-kakaovaj', 1),
(8711700677219, 3, 'https://www.kifli.hu/9928-baba-tej-es-gyuemoelcsillat-folyekony-kremszappan-utantoelto', 1),
(8712561021807, 3, 'https://www.kifli.hu/17527-baba-zoeldcitrom-es-menta-frissito-tusfuerdo', 1),
(8712561142342, 3, 'https://www.kifli.hu/9730-cif-power-shine-konyhai-zsiroldo-spray', 1),
(8712561212144, 3, 'https://www.kifli.hu/9733-cif-spray-power-shine-vizkooldo', 1),
(8712561293082, 3, 'https://www.kifli.hu/86683-domestos-extended-power-pine-fresh-suru-fertotlenito-hatasu-tisztitoszer-1250-ml', 1),
(8712561293518, 3, 'https://www.kifli.hu/86684-domestos-extended-power-citrus-fresh-suru-fertotlenito-hatasu-tisztitoszer-1250-ml', 1),
(8712561319409, 3, 'https://www.kifli.hu/17455-rexona-invisible-on-black-white-clothes-izzadasgatlo-actions', 1),
(8712561398893, 3, 'https://www.kifli.hu/103004-baba-2in1-ferfi-tusfuerdo-vadszederrel-es-gyoemberrel-400-ml', 1),
(8712561399074, 3, 'https://www.kifli.hu/92389-baba-kremtusfuerdo-sheavaj-es-narancsvirag-illat', 1),
(8712561399234, 3, 'https://www.kifli.hu/108307-baba-tusfuerdo-gyoengyvirag-viola', 1),
(8712561534444, 3, 'https://www.kifli.hu/17479-rexona-men-invisible-on-black-white-clothes-izzadasgatlo', 1),
(8712561552776, 3, 'https://www.kifli.hu/9742-cif-lemon-surolokrem-mikrokristalyokkal', 1),
(8712561552905, 3, 'https://www.kifli.hu/9736-cif-original-surolokrem-mikrokristalyokkal', 1),
(8712561552936, 3, 'https://www.kifli.hu/97761-cif-cleanboost-surolokrem-makacs-szennyezodesekre-pink', 1),
(8712561561686, 3, 'https://www.kifli.hu/97760-cif-cleanboost-surolokrem-makacs-szennyezodesekre-lemon', 1),
(8712561672511, 3, 'https://www.kifli.hu/17521-baba-aloe-veras-frissito-testapolo', 1),
(8712561704502, 3, 'https://www.kifli.hu/17518-baba-intenziv-testapolo', 1),
(8712561772983, 3, 'https://www.kifli.hu/9970-baba-kakaovaj-kenyezteto-tusfuerdo', 1),
(8717163286975, 3, 'https://www.kifli.hu/74775-domestos-extended-power-fertotlenito-atlantic-fresh', 1),
(8717163287477, 3, 'https://www.kifli.hu/9487-floraszept-otthon-fertotlenito-hatasu-folyekony-tisztitoszer', 1),
(8717163287507, 3, 'https://www.kifli.hu/9484-floraszept-otthon-fertotlenito-hatasu-folyekony-tisztitoszer-friss-citrom-illattal', 1),
(8717163340561, 3, 'https://www.kifli.hu/17434-rexona-aloe-vera-izzadasgatlo', 1),
(8717163522103, 3, 'https://www.kifli.hu/97763-cif-cleanboost-surolokrem-makacs-szennyezodesekre-lemon', 1),
(8717163573792, 3, 'https://www.kifli.hu/81153-dove-nourishing-silk-folyekony-kremszappan-utantoelto-500-ml', 1),
(8717163605776, 3, 'https://www.kifli.hu/81155-dove-nourishing-silk-folyekony-kremszappan-250-ml', 1),
(8717163760192, 3, 'https://www.kifli.hu/9643-domestos-extended-power-lavender-fertotlenito-hatasu-folyekony-tisztitoszer', 1),
(8717163891438, 3, 'https://www.kifli.hu/36244-floraszept-konyhai-klormentes-fertotlenito-tisztitoszer', 1),
(8717163947739, 3, 'https://www.kifli.hu/57812-axe-wild-green-mojito-cedarwood-tusfuerdo', 1),
(8717163983119, 3, 'https://www.kifli.hu/36253-domestos-zoeld-kert-suru-feherito-folyadek', 1),
(8717644075111, 3, 'https://www.kifli.hu/10006-cif-brilliance-folyekony-tisztitoszer-ocean', 1),
(8717644075265, 3, 'https://www.kifli.hu/10009-cif-brilliance-folyekony-tisztitoszer-pink-orchidea', 1),
(8717644119938, 3, 'https://www.kifli.hu/9952-baba-lanolin-kremhabfuerdo', 1),
(8717644120224, 3, 'https://www.kifli.hu/9964-baba-kamilla-es-mez-kremtusfuerdo', 1),
(8717644169490, 3, 'https://www.kifli.hu/9613-domestos-zero-lime-wc-vizkooldo-gel', 1),
(8717644192917, 3, 'https://www.kifli.hu/9946-baba-lanolin-kremtusfuerdo', 1),
(8717644192948, 3, 'https://www.kifli.hu/9964-baba-kamilla-es-mez-kremtusfuerdo', 1),
(8717644326671, 3, 'https://www.kifli.hu/98282-axe-dark-temptation-izzadasgatlo-stift', 1),
(8717644461068, 3, 'https://www.kifli.hu/8845-signal-white-now-fogkrem', 1),
(8717644485910, 3, 'https://www.kifli.hu/9943-baba-menta-ferfi-tusfuerdo', 1),
(8717644585337, 3, 'https://www.kifli.hu/17503-rexona-sexy-bouquet-izzadasgatlo', 1),
(8717644966594, 3, 'https://www.kifli.hu/92390-baba-2in1-ferfi-tusfuerdo-tengeri-asvany', 1),
(8718114198903, 3, 'https://www.kifli.hu/8836-signal-white-now-koezepes-kemenysegu-fogkefe', 1),
(8718114433950, 3, 'https://www.kifli.hu/44249-domestos-universal-hygiene-fertotlenito-hatasu-tisztito-spray', 1),
(8718114635729, 3, 'https://www.kifli.hu/9616-domestos-zero-blue-wc-vizkooldo-gel', 1),
(8718114650708, 3, 'https://www.kifli.hu/17338-axe-excite-dezodor', 1),
(8720181012891, 3, 'https://www.kifli.hu/57830-baba-goeroegdinnye-illatu-tusfuerdo', 1),
(8720181019425, 3, 'https://www.kifli.hu/83150-coccolino-mosogel-szines-ruhakhoz-1-8-liter', 1),
(8720181019432, 3, 'https://www.kifli.hu/83151-coccolino-mosogel-fekete-es-soetet-ruhakhoz-1-8-liter', 1),
(8720181019449, 3, 'https://www.kifli.hu/83152-coccolino-mosogel-feher-ruhakhoz-1-8-liter', 1),
(8720181027680, 3, 'https://www.kifli.hu/57815-axe-wild-green-mojito-cedarwood-dezodor', 1),
(8720181032905, 3, 'https://www.kifli.hu/9961-baba-kamilla-folyekony-kremszappan', 1),
(8720181032912, 3, 'https://www.kifli.hu/9958-baba-kamilla-folyekony-kremszappan-utantoelto', 1),
(8720181047749, 3, 'https://www.kifli.hu/108305-axe-deo-dark-temptation', 1),
(8720181061707, 3, 'https://www.kifli.hu/98403-vaseline-ajakbalzsam-original', 1),
(8720181109201, 3, 'https://www.kifli.hu/69325-baba-antibakterialis-folyekony-szappan-lime', 1),
(8720181109218, 3, 'https://www.kifli.hu/83166-baba-folyekony-szappan-utantoelto-antibakterialis-lime', 1),
(8720181121777, 3, 'https://www.kifli.hu/81154-dove-szepsegapolo-folyekony-kremszappan-utantoelto', 1),
(8720181166372, 3, 'https://www.kifli.hu/93911-axe-tusfuerdo-africa', 1),
(8720181166389, 3, 'https://www.kifli.hu/93910-axe-tusfuerdo-black', 1),
(8720181168550, 3, 'https://www.kifli.hu/80200-coccolino-sensitive-mosogel-1-72-l', 1),
(8720181192128, 3, 'https://www.kifli.hu/83159-axe-epic-fresh-aerosol', 1),
(8720181196157, 3, 'https://www.kifli.hu/83154-signal-white-now-sensitive-fogkrem', 1),
(8720181204111, 3, 'https://www.kifli.hu/93912-axe-tusfuerdo-epic-fresh', 1),
(8720181209550, 3, 'https://www.kifli.hu/83167-baba-kenyezteto-tusfuerdo-malna-es-rozsafa-illattal', 1),
(8720181209567, 3, 'https://www.kifli.hu/92387-baba-kenyezteto-tusfuerdo-malna-es-rozsafa-illat', 1),
(8720181227004, 3, 'https://www.kifli.hu/83165-baba-folyekony-szappan-utantoelto-antibakterialis-oesszetevovel-teafaolaj', 1),
(8720181238079, 3, 'https://www.kifli.hu/57644-tresemme-biotin-repair-hajpakolas', 1),
(8720181260506, 3, 'https://www.kifli.hu/109290-dove-summer-revived-oenbarnito-testapolo-vilagos-normal-borre', 1),
(8720181260544, 3, 'https://www.kifli.hu/109289-dove-summer-revived-oenbarnito-testapolo-normal-soetet-borre', 1),
(8720181275401, 3, 'https://www.kifli.hu/100910-signal-sensisoft-clean-duo-fogkefe', 1),
(8720181284335, 3, 'https://www.kifli.hu/92156-dove-men-care-izzadasgatlo-dezodor-150ml-clean-comfort', 1),
(8720181284373, 3, 'https://www.kifli.hu/17404-dove-men-care-invisible-dry-izzadasgatlo', 1),
(8720181284953, 3, 'https://www.kifli.hu/105197-dove-men-care-invisible-dry-aerosol', 1),
(8720181291449, 3, 'https://www.kifli.hu/91408-dove-deo-calming-blossom-izzadasgatlo-dezodor-150ml', 1),
(8720181291562, 3, 'https://www.kifli.hu/17386-dove-advanced-care-invisible-care-izzadasgatlo', 1),
(8720181291623, 3, 'https://www.kifli.hu/17392-dove-invisible-dry-izzadasgatlo', 1),
(8720181291715, 3, 'https://www.kifli.hu/17410-dove-advanced-care-original', 1),
(8720181291746, 3, 'https://www.kifli.hu/17368-dove-go-fresh-koerte-aloe-vera-izzadasgatlo-aeroszol-150-ml', 1),
(8720181291890, 3, 'https://www.kifli.hu/110730', 1),
(8720181291999, 3, 'https://www.kifli.hu/108310-dove-original-izzadasgatlo-aeroszol', 1),
(8720181292026, 3, 'https://www.kifli.hu/108311-dove-go-fresh-granatalma-izzadasgatlo-aeroszol', 1),
(8720181302220, 3, 'https://www.kifli.hu/100971-dove-original-dezodor-0-aluminiumsoval-aeroszol', 1),
(8720181313417, 3, 'https://www.kifli.hu/9556-dove-men-care-clean-comfort-tusfuerdo', 1),
(8720181313431, 3, 'https://www.kifli.hu/9550-dove-men-care-refreshing-extra-fresh-tusfuerdo-testre-arcra-hajra', 1),
(8720181313448, 3, 'https://www.kifli.hu/9559-dove-men-care-clean-comfort-ferfi-tusfuerdo-testre-es-arcra', 1),
(8720181327155, 3, 'https://www.kifli.hu/87085-signal-fogkrem-white-now-gold', 1),
(8720181327186, 3, 'https://www.kifli.hu/92550-signal-fogkrem-whitenow-timecorrect', 1),
(8720181334757, 3, 'https://www.kifli.hu/108315-rexona-men-izzadasgatlo-aeroszol-cobalt-dry', 1),
(8720181338182, 3, 'https://www.kifli.hu/91411-baba-kenyezteto-tusfuerdo-edesmandula-illat-macaron-400-ml', 1),
(8720181338458, 3, 'https://www.kifli.hu/87084-cif-perfect-finish-inox-spray-rozsdamentes-acel-felueletre', 1),
(8720181338489, 3, 'https://www.kifli.hu/76227-cif-perfect-finish-fuerdoszobai-vizkooldo-spray', 1),
(8720181338496, 3, 'https://www.kifli.hu/83144-cif-perfect-finish-sueto-es-grill-tisztito-spray', 1),
(8720181339936, 3, 'https://www.kifli.hu/17374-dove-go-fresh-uborka-es-zoeld-tea-izzadasgatlo-aeroszol-150-ml', 1),
(8720181345913, 3, 'https://www.kifli.hu/92363-domestos-power-fresh-wc-tisztito-gel-vizko-lerakodas-ellen-lime-fresh-intenziv-illattal', 1),
(8720181345920, 3, 'https://www.kifli.hu/92362-domestos-power-fresh-wc-tisztito-gel-vizko-lerakodas-ellen-floral-fresh-intenziv-illattal', 1),
(8720181345944, 3, 'https://www.kifli.hu/96117-domestos-protection-klormentes-fertotlenites-eucalyptus-wild-mint-friss-illattal', 1),
(8720181345951, 3, 'https://www.kifli.hu/96116-domestos-protection-klormentes-fertotlenites-sea-breeze-lavender-friss-illattal', 1),
(8720181348853, 3, 'https://www.kifli.hu/98060-domestos-higienikus-toerlokendo-lemon-fertotlenito', 1),
(8720181349836, 3, 'https://www.kifli.hu/98059-domestos-higienikus-toerlokendo-lemon-fertotlenito', 1),
(8720181349843, 3, 'https://www.kifli.hu/98058-domestos-higienikus-toerlokendo-ocean', 1),
(8720181350900, 3, 'https://www.kifli.hu/92154', 1),
(8720181375231, 3, 'https://www.kifli.hu/105194-dove-men-care-clean-comfort', 1),
(8720181387753, 3, 'https://www.kifli.hu/9502-floraszept-botanitech-fuerdoszobai-fertotlenito-spray', 1),
(8720181392467, 3, 'https://www.kifli.hu/92838-baba-szappan-lanolinos', 1),
(8720181392474, 3, 'https://www.kifli.hu/92839-baba-szappan-lanolinos', 1),
(8720181403347, 3, 'https://www.kifli.hu/83132-floraszept-botanitech-fertotlenito-univerzalis-spray', 1),
(8720181408793, 3, 'https://www.kifli.hu/83133-floraszept-botanitech-univerzalis-fertotlenito-padlo-es-feluelettisztito', 1),
(8720181409059, 3, 'https://www.kifli.hu/9493-floraszept-botanitech-univerzalis-fertotlenito-padlo-es-feluelettisztito-levendula', 1),
(8720181409684, 3, 'https://www.kifli.hu/96090-coccolino-oeblitokoncentratum-snapdragon-patchouli-1275ml', 1),
(8720181409707, 3, 'https://www.kifli.hu/96091-coccolino-oeblitokoncentratum-honeysuckle-sandalwood-1275ml', 1),
(8720181409714, 3, 'https://www.kifli.hu/96089-coccolino-oeblitokoncentratum-purple-orchid-blueberries-1275ml', 1),
(8720181410642, 3, 'https://www.kifli.hu/96085-coccolino-silk-lily-oeblitokoncentratum-1700ml', 1),
(8720181410659, 3, 'https://www.kifli.hu/96088-coccolino-orange-flower-oeblitokoncentratum-1700ml', 1),
(8720181410666, 3, 'https://www.kifli.hu/96084-coccolino-happy-yellow-oeblitokoncentratum-1700ml', 1),
(8720181410673, 3, 'https://www.kifli.hu/96087-coccolino-sensitive-pure-oeblitokoncentratum-1700ml', 1),
(8720181410680, 3, 'https://www.kifli.hu/96086-coccolino-blue-splash-oeblitokoncentratum-1700ml', 1),
(8720181414909, 3, 'https://www.kifli.hu/96099-coccolino-ultrakoncentralt-oeblito-fresh-sky-870ml', 1),
(8720181414916, 3, 'https://www.kifli.hu/96098-coccolino-ultrakoncentralt-oeblito-fuchsia-passion-870ml', 1),
(8720181414923, 3, 'https://www.kifli.hu/96092-coccolino-ultrakoncentralt-oeblito-sensitive-pure-870ml', 1),
(8720181414930, 3, 'https://www.kifli.hu/96093-coccolino-ultrakoncentralt-oeblito-coco-fantasy-870ml', 1),
(8720181415463, 3, 'https://www.kifli.hu/98277-axe-dark-temptation-tusfuerdo', 1),
(8720181437243, 3, 'https://www.kifli.hu/98293-signal-extra-fresh-intense-fogkrem', 1),
(8720181446818, 3, 'https://www.kifli.hu/108319-tresemme-flawless-waves-sampon-hullamos-goendoer-hajra', 1),
(8720181446849, 3, 'https://www.kifli.hu/100084-tresemme-revitalize-colour-sampon-festett-hajra', 1),
(8720181446863, 3, 'https://www.kifli.hu/99898-tresemme-24h-volume-sampon', 1),
(8720181449246, 3, 'https://www.kifli.hu/99899-tresemme-revitalize-colour-hajbalzsam-festett-hajra', 1),
(8720181449260, 3, 'https://www.kifli.hu/99897-tresemme-24h-volume-hajbalzsam', 1),
(8720181449857, 3, 'https://www.kifli.hu/98289-rexona-men-advanced-protection-cobalt-dry-izzadasgatlo-dezodor', 1),
(8720181449871, 3, 'https://www.kifli.hu/98290-rexona-men-advanced-protection-invisible-izzadasgatlo-dezodor', 1),
(8720181450396, 3, 'https://www.kifli.hu/98286-rexona-advanced-protection-bright-bouquet-izzadasgatlo-dezodor', 1),
(8720181450402, 3, 'https://www.kifli.hu/98287-rexona-advanced-protection-aloe-vera-scent-izzadasgatlo-dezodor', 1),
(8720181450419, 3, 'https://www.kifli.hu/98288-rexona-advanced-protection-invisible-izzadasgatlo-dezodor', 1),
(8720181457425, 3, 'https://www.kifli.hu/99445-dove-advanced-care-kremtusfuerdo-deeply-nourishing', 1),
(8720181457449, 3, 'https://www.kifli.hu/99445-dove-advanced-care-kremtusfuerdo-deeply-nourishing', 1),
(8720181464171, 3, 'https://www.kifli.hu/98294-baba-joejtpuszi-nyugtato-tusfuerdo-levendula-es-vanilia-illat', 1),
(8720181464188, 3, 'https://www.kifli.hu/98276-baba-joejtpuszi-nyugtato-tusfuerdo-levendula-es-vanilia-illat', 1),
(8720181464201, 3, 'https://www.kifli.hu/98283-baba-habcsok-kremhabfuerdo-malna-es-rozsafa-illat', 1),
(8720181466489, 3, 'https://www.kifli.hu/99440-dove-kremtusfuerdo-hydrate', 1),
(8720181466502, 3, 'https://www.kifli.hu/99442-dove-kremtusfuerdo-hydrate', 1),
(8720181468438, 3, 'https://www.kifli.hu/99443-dove-kremtusfuerdo-silky-velvet', 1),
(8720181468469, 3, 'https://www.kifli.hu/103003-dove-silky-velvet-kremtusfuerdo-720-ml', 1),
(8720181468513, 3, 'https://www.kifli.hu/99441-dove-kremtusfuerdo-silky-velvet', 1),
(8720181471742, 3, 'https://www.kifli.hu/99444-dove-kremtusfuerdo-fresh-care', 1),
(8720181481079, 3, 'https://www.kifli.hu/85736-dove-nourishing-kremszappan-4x90-g', 1),
(8720181481529, 3, 'https://www.kifli.hu/112719-dove-beauty-cream-kremszappan-4x90g', 1),
(8720181501821, 3, 'https://www.kifli.hu/101176-signal-kids-eperizu-fogkrem-gyermekeknek-0-6-eves-korig', 1),
(8720181501845, 3, 'https://www.kifli.hu/8860-signal-junior-fogkrem-mentas-super-mario-6-13-ev-koezoetti-gyerekeknek', 1),
(8720181507281, 3, 'https://www.kifli.hu/109288-dove-advanced-care-kremtusfuerdo-summer-edition', 1),
(8720181512865, 3, 'https://www.kifli.hu/102233-coccolino-mosokapszula-color-26-db', 1),
(8720181512872, 3, 'https://www.kifli.hu/102232-coccolino-mosokapszula-black-40-db', 1),
(8720181512889, 3, 'https://www.kifli.hu/102231-coccolino-mosokapszula-color-40-db', 1),
(8720181513114, 3, 'https://www.kifli.hu/98057-coccolino-blue-splash-duopack-2x1700ml', 1),
(8720181518942, 3, 'https://www.kifli.hu/108317-tresemme-lamellar-shine-hajpakolas', 1),
(8720181538988, 3, 'https://www.kifli.hu/105200-tresemme-lamellar-shine-sampon-a-fenyes-hajert', 1),
(8720181538995, 3, 'https://www.kifli.hu/105201-tresemme-lamellar-shine-hajbalzsam-a-fenyes-hajert', 1),
(8720181539183, 3, 'https://www.kifli.hu/108318-tresemme-lamellar-shine-hajvegapolo-olaj-a-fenyes-hajert', 1),
(8720181539404, 3, 'https://www.kifli.hu/108316-tresemme-lamellar-shine-hajszerum', 1),
(8720181548840, 3, 'https://www.kifli.hu/101002-coccolino-mosogel-sensitive-2-52l', 1),
(8720181548857, 3, 'https://www.kifli.hu/100999-coccolino-mosogel-szines-ruhakoz-2-72l', 1),
(8720181548864, 3, 'https://www.kifli.hu/101001-coccolino-mosogel-feher-ruhakhoz-2-72l', 1),
(8720181548871, 3, 'https://www.kifli.hu/101000-coccolino-mosogel-soetet-ruhakhoz-2-72l', 1),
(8720181555602, 3, 'https://www.kifli.hu/106653-axe-fine-fragrance-collection-dezodor-blue-lavender', 1),
(8720181555640, 3, 'https://www.kifli.hu/106654-axe-fine-fragrance-collection-dezodor-cherry-fizz', 1),
(8720181565830, 3, 'https://www.kifli.hu/105196-dove-go-fresh-dragon-fruit-es-kokusz-izzadasgatlo-aeroszol', 1),
(8720181570070, 3, 'https://www.kifli.hu/108313-dove-men-care-sandalwood-vanilla-izzadasgatlo-aeroszol', 1),
(8720181573576, 3, 'https://www.kifli.hu/105195-dove-men-care-vanilla-sandalwood-tusfuerdo', 1),
(8720181598616, 3, 'https://www.kifli.hu/108304-axe-tusfuerdo-sunset-fresh', 1),
(8720181608315, 3, 'https://www.kifli.hu/105192-dove-advanced-care-kremtusfuerdo-replenishing', 1),
(8720181608391, 3, 'https://www.kifli.hu/105193', 1),
(8720181619861, 3, 'https://www.kifli.hu/110464-coccolino-oeblito-sensitive-pure-3000-ml', 1),
(8720181619892, 3, 'https://www.kifli.hu/110463-coccolino-oeblito-blue-splash-3000-ml', 1),
(8720181619908, 3, 'https://www.kifli.hu/110465-coccolino-oeblito-happy-yellow-3000-ml', 1),
(8720181621475, 3, 'https://www.kifli.hu/110469-domestos-extended-power-fertotlenito-hatasu-tisztitoszer-original-750-ml', 1),
(8720181637957, 3, 'https://www.kifli.hu/106122-baba-gyuemoelcsoeskert-tusfuerdo-bogyosgyuemoelcs-illat', 1),
(8720181637964, 3, 'https://www.kifli.hu/108308-baba-ferfi-tusfuerdo-erzekeny-borre-3in1', 1),
(8720181637971, 3, 'https://www.kifli.hu/106123-baba-gyuemoelcsoeskert-tusfuerdo-bogyosgyuemoelcs-illat-750ml', 1),
(8720181674174, 3, 'https://www.kifli.hu/106659-coccolino-nedves-illatosito-kendo-szaritogepbe-blue', 1),
(8720181676406, 3, 'https://www.kifli.hu/106141-coccolino-wonder-wash-mosogel-gyors-mosashoz-speed-clean-1-48l', 1),
(8720181676413, 3, 'https://www.kifli.hu/106142-coccolino-wonder-wash-mosogel-gyors-mosashoz-ultra-care-1-48l', 1),
(8720181676420, 3, 'https://www.kifli.hu/106140-coccolino-wonder-wash-mosogel-gyors-mosashoz-odor-defence-1-48l', 1),
(8720181680403, 3, 'https://www.kifli.hu/110466-coccolino-illatfokozo-mosoparfuem-heavenly-fresh-460-ml', 1),
(8720181680410, 3, 'https://www.kifli.hu/110467-coccolino-illatfokozo-mosoparfuem-first-blooms-460-ml', 1),
(8720181680427, 3, 'https://www.kifli.hu/110468-coccolino-illatfokozo-mosoparfuem-summer-bouquet-460-ml', 1),
(8720181721335, 3, 'https://www.kifli.hu/110471-domestos-power-foam-wc-es-fuerdoszoba-tisztito-hab-limescale-remover-435-ml', 1),
(8720181730092, 3, 'https://www.kifli.hu/97764-domestos-power-foam-wc-es-fuerdoszoba-tisztito-hab-arctic-fresh', 1),
(8720182258137, 3, 'https://www.kifli.hu/85734-dove-relaxing-kremszappan', 1),
(8720182259332, 3, 'https://www.kifli.hu/105199-dove-szappan-refreshing-uborka-es-zoeld-tea-illattal', 1),
(8720182259813, 3, 'https://www.kifli.hu/85735-dove-pink-kremszappan', 1),
(8720182796400, 3, 'https://www.kifli.hu/97764-domestos-power-foam-wc-es-fuerdoszoba-tisztito-hab-arctic-fresh', 1),
(8720182796417, 3, 'https://www.kifli.hu/97765-domestos-power-foam-wc-es-fuerdoszoba-tisztito-hab-citrus-blast', 1),
(8720182796424, 3, 'https://www.kifli.hu/97766-domestos-power-foam-wc-es-fuerdoszoba-tisztito-hab-floral-fresh', 1),
(8720182848390, 3, 'https://www.kifli.hu/100247-cif-3in1-multipurpose-spray-levendula-kekpafrany', 1),
(8720182898692, 3, 'https://www.kifli.hu/90642-domestos-zero-wc-pink-vizkooldo', 1),
(8720182903143, 3, 'https://www.kifli.hu/101291-domestos-power5-wc-frissito-blokk-lime-3x50g', 1),
(8720182903150, 3, 'https://www.kifli.hu/101302-domestos-power5-wc-frissito-blokk-lavender-2x50g', 1),
(8720182903167, 3, 'https://www.kifli.hu/101290-domestos-power5-wc-frissito-blokk-ocean-3x50g', 1),
(8720182903235, 3, 'https://www.kifli.hu/101296-domestos-aroma-lux-wc-frissito-blokk-hibiscus-charm-koncentralt-illoolajokkal-3x50g', 1),
(8720182903266, 3, 'https://www.kifli.hu/101288-domestos-power5-wc-frissito-blokk-magnolia-2x50g', 1),
(8720182903846, 3, 'https://www.kifli.hu/101295-domestos-aroma-lux-wc-frissito-blokk-dahlia-wish-koncentralt-illoolajokkal-3x50g', 1),
(8720182903884, 3, 'https://www.kifli.hu/101294-domestos-aroma-lux-wc-frissito-blokk-white-rose-dream-koncentralt-illoolajokkal-3x50g', 1),
(8720182911513, 3, 'https://www.kifli.hu/101289-domestos-power5-wc-frissito-blokk-magic-unicorn-2x50g', 1),
(8720182911568, 3, 'https://www.kifli.hu/101293-domestos-power5-wc-frissito-blokk-magic-unicorn-3x50g', 1),
(8720182917539, 3, 'https://www.kifli.hu/101301-domestos-power5-wc-frissito-blokk-magic-unicorn-5x50g', 1),
(8720182924384, 3, 'https://www.kifli.hu/101299-domestos-power5-wc-frissito-blokk-mix-lime-ocean-6x50g', 1),
(8720182924407, 3, 'https://www.kifli.hu/101300-domestos-power5-wc-frissito-blokk-mix-magnolia-lavender-6x50g', 1),
(8720182924414, 3, 'https://www.kifli.hu/101298-domestos-power5-wc-frissito-blokk-ocean-6x50g', 1),
(8720182924421, 3, 'https://www.kifli.hu/101297-domestos-power5-wc-frissito-blokk-lime-6x50g', 1),
(8720182926081, 3, 'https://www.kifli.hu/101292-domestos-power5-wc-frissito-blokk-lavender-3x50g', 1),
(8720182931412, 3, 'https://www.kifli.hu/101384-coccolino-sensitive-oeblito-es-mososzer-csomag', 1),
(8721201980190, 3, 'https://www.kifli.hu/110470-domestos-extended-power-fertotlenito-hatasu-tisztitoszer-pink-1250-ml', 1);

-- --------------------------------------------------------

--
-- Table structure for table `users`
--

CREATE TABLE `users` (
  `id` int(150) NOT NULL,
  `name` varchar(50) DEFAULT NULL,
  `email` varchar(50) NOT NULL,
  `password` varchar(150) NOT NULL,
  `group_member` tinyint(2) NOT NULL DEFAULT 1
) ENGINE=InnoDB DEFAULT CHARSET=utf8mb4 COLLATE=utf8mb4_general_ci;

--
-- Dumping data for table `users`
--

INSERT INTO `users` (`id`, `name`, `email`, `password`, `group_member`) VALUES
(1, 'user', 'abel.ujvarossy@unilever.com', '0e8b24146b3ef1ea13b662375c40f73c0be749767a677f1cdbd3a33b655bb539', 1),
(2, 'Eszter Szász', 'eszter.szasz@unilever.com', '79d54b899d1b80966b2f3025f210e3fc2c32ca0f5026a932ab212e6c6a24015e', 1);

--
-- Indexes for dumped tables
--

--
-- Indexes for table `brands`
--
ALTER TABLE `brands`
  ADD PRIMARY KEY (`id`),
  ADD UNIQUE KEY `name` (`name`);

--
-- Indexes for table `categories`
--
ALTER TABLE `categories`
  ADD PRIMARY KEY (`id`),
  ADD UNIQUE KEY `name` (`name`);

--
-- Indexes for table `oos_history`
--
ALTER TABLE `oos_history`
  ADD PRIMARY KEY (`id`),
  ADD UNIQUE KEY `ean` (`ean`,`shop_id`,`date_checked`),
  ADD KEY `shop_id` (`shop_id`);

--
-- Indexes for table `oos_metrics`
--
ALTER TABLE `oos_metrics`
  ADD PRIMARY KEY (`shop_id`,`date`);

--
-- Indexes for table `products`
--
ALTER TABLE `products`
  ADD PRIMARY KEY (`ean`),
  ADD KEY `brand_id` (`brand_id`),
  ADD KEY `category_id` (`category_id`),
  ADD KEY `subcategory_id` (`subcategory_id`);

--
-- Indexes for table `product_flags`
--
ALTER TABLE `product_flags`
  ADD PRIMARY KEY (`ean`,`flag`);

--
-- Indexes for table `shops`
--
ALTER TABLE `shops`
  ADD PRIMARY KEY (`id`),
  ADD UNIQUE KEY `name` (`name`);

--
-- Indexes for table `subcategories`
--
ALTER TABLE `subcategories`
  ADD PRIMARY KEY (`id`),
  ADD UNIQUE KEY `name` (`name`);

--
-- Indexes for table `urls`
--
ALTER TABLE `urls`
  ADD PRIMARY KEY (`ean`,`shop_id`),
  ADD KEY `shop_id` (`shop_id`);

--
-- Indexes for table `users`
--
ALTER TABLE `users`
  ADD PRIMARY KEY (`id`);

--
-- AUTO_INCREMENT for dumped tables
--

--
-- AUTO_INCREMENT for table `brands`
--
ALTER TABLE `brands`
  MODIFY `id` int(11) NOT NULL AUTO_INCREMENT, AUTO_INCREMENT=17;

--
-- AUTO_INCREMENT for table `categories`
--
ALTER TABLE `categories`
  MODIFY `id` int(11) NOT NULL AUTO_INCREMENT, AUTO_INCREMENT=43;

--
-- AUTO_INCREMENT for table `oos_history`
--
ALTER TABLE `oos_history`
  MODIFY `id` int(11) NOT NULL AUTO_INCREMENT, AUTO_INCREMENT=1590;

--
-- AUTO_INCREMENT for table `shops`
--
ALTER TABLE `shops`
  MODIFY `id` int(11) NOT NULL AUTO_INCREMENT, AUTO_INCREMENT=6;

--
-- AUTO_INCREMENT for table `subcategories`
--
ALTER TABLE `subcategories`
  MODIFY `id` int(11) NOT NULL AUTO_INCREMENT, AUTO_INCREMENT=43;

--
-- AUTO_INCREMENT for table `users`
--
ALTER TABLE `users`
  MODIFY `id` int(150) NOT NULL AUTO_INCREMENT, AUTO_INCREMENT=3;

--
-- Constraints for dumped tables
--

--
-- Constraints for table `oos_history`
--
ALTER TABLE `oos_history`
  ADD CONSTRAINT `oos_history_ibfk_1` FOREIGN KEY (`ean`) REFERENCES `products` (`ean`),
  ADD CONSTRAINT `oos_history_ibfk_2` FOREIGN KEY (`shop_id`) REFERENCES `shops` (`id`);

--
-- Constraints for table `oos_metrics`
--
ALTER TABLE `oos_metrics`
  ADD CONSTRAINT `oos_metrics_ibfk_1` FOREIGN KEY (`shop_id`) REFERENCES `shops` (`id`);

--
-- Constraints for table `products`
--
ALTER TABLE `products`
  ADD CONSTRAINT `products_ibfk_1` FOREIGN KEY (`brand_id`) REFERENCES `brands` (`id`),
  ADD CONSTRAINT `products_ibfk_2` FOREIGN KEY (`category_id`) REFERENCES `categories` (`id`),
  ADD CONSTRAINT `products_ibfk_3` FOREIGN KEY (`subcategory_id`) REFERENCES `subcategories` (`id`);

--
-- Constraints for table `product_flags`
--
ALTER TABLE `product_flags`
  ADD CONSTRAINT `product_flags_ibfk_1` FOREIGN KEY (`ean`) REFERENCES `products` (`ean`);

--
-- Constraints for table `urls`
--
ALTER TABLE `urls`
  ADD CONSTRAINT `urls_ibfk_1` FOREIGN KEY (`ean`) REFERENCES `products` (`ean`),
  ADD CONSTRAINT `urls_ibfk_2` FOREIGN KEY (`shop_id`) REFERENCES `shops` (`id`);
COMMIT;

/*!40101 SET CHARACTER_SET_CLIENT=@OLD_CHARACTER_SET_CLIENT */;
/*!40101 SET CHARACTER_SET_RESULTS=@OLD_CHARACTER_SET_RESULTS */;
/*!40101 SET COLLATION_CONNECTION=@OLD_COLLATION_CONNECTION */;
